"post_id","url","keyword","publish_time","author_name","author_type","text","repost_count","comment_count","like_count","topic_tag","crawl_time"
"5192245323497937","https://weibo.com/2378564111/PCHIMeFYl?refer_flag=1001030103_","张碧晨 年轮","2025年07月25日 10:40","娱乐扒皮","媒体","#张碧晨告别年轮# 张碧晨值此《年轮》发行十周年之际，好好和这首作品告个别。 ​​​","2454","7527","382303","张碧晨告别年轮","2026-05-29 16:18:12"
"5192118454714744","https://weibo.com/5661606921/PCEq9jMwg?refer_flag=1001030103_","张碧晨 年轮","2025年07月25日 02:16","张碧晨Studio","官方/工作室"," 张碧晨超话 近日，网络上关于歌曲《年轮》的相关言论引发了不必要的争议与误解。为正视听，也为维护张碧晨女士作为该作品唯一原唱的合法权益，我们郑重说明如下： ​","22415","62736","638101","","2026-05-29 16:18:12"
"5194218987063944","https://weibo.com/6275217849/PDx46tDEA?refer_flag=1001030103_","张碧晨 年轮","2025年07月30日 21:22","君君的旅行日记","普通用户","我对汪苏泷和张碧晨都不喜欢也不讨厌，就事论事，这事汪苏泷做的就是过分。 如果说张碧晨有错，唯一的问题在于她对于《年轮》唯一原唱的定义，是否让你认同。 “原唱”没有什么法律定义，是行业约定成俗的概念。在我看来，原唱是第一个发行歌曲的人。所以张碧晨是原唱，还是唯一的，我觉得没什么错。 当然，如果你觉得随后立刻发行《年轮》的汪苏泷也是原唱，那是我们的观念不一样，没有对错。 但这不是重点，重点是现在一群人在颠倒黑白，模糊时间线。 真正的时间线是： 旺仔小乔在2021年的一段发言被挖出来，她说《年轮》的原唱是张碧晨。但旺仔小乔也没说对汪苏泷任何不敬的话。 时隔四年，这段发言被有心挖出。两方骂战，我觉得极端的粉丝哪一家都有，很难界定谁对谁错。 随后，张碧晨在qq音乐的《年轮》原唱标识被取消。这时，张碧晨什么话也没说。 汪苏泷率先发声，说要拿回《年轮》的版权，取消所有其他歌手演唱的资格。 直到这时候张碧晨才发声，第一次说自己是唯一原唱。 接下来，粉丝就开始在颠倒黑白，模糊时间线。造成一种假象：汪苏泷说《年轮》是双原唱，张碧晨反驳说自己是唯一原唱，所以汪苏泷收回版权，不让张碧晨唱了，大快人心。 大多数人没那么较真，看到就以为是真的。这几天张碧晨也上了一堆热搜，还被荡妇羞辱，什么偷男明星内裤，偷生孩子。还造谣什么张碧晨偷偷授权给旺仔小乔，来收钱，汪苏泷十年不收钱，免费让张碧晨唱《年轮》，这些弱智谣言被大肆散布，路人被洗脑。 况且张碧晨下个月就要开演唱会，歌单就有《年轮》这首歌，这时候毫无预测的收回演唱权，是不是太过分了点？ 在粉丝的不懈努力下，大家都觉得手握版权就可以为所欲为。殊不知，音乐圈是互相尊重的，演唱者的贡献也很大。 周杰伦给多少人写过歌了？他收回倒带、夏天的风、世界末日的版权了吗？这其中有些人和他关系后来还恶化了，也没见他小气吧啦不让对方唱歌了吧？还有林俊杰、陶喆、王力宏、五月天，谁会干这种事？ 这波操作就是破坏了创作者和歌手之间的相互信任，有法可依，但做得很不厚道，破坏行业环境。 收起 d","1476","5461","72559","","2026-05-29 16:18:12"
"5192371266390237","https://weibo.com/1642591402/PCKZUqOol?refer_flag=1001030103_","张碧晨 年轮","2025年07月25日 19:00","新浪娱乐","媒体","#张碧晨方称享有年轮永久演唱权利# #张碧晨不再演唱年轮# ​​​25日， @张碧晨 工作室就《年轮》歌曲引发的舆论争议作出回应，表示经查阅正式合约，张碧晨依法享有该歌曲在全球范围内的永久演唱的权利，但出于尊重与自我选择，张碧晨今后将不再演唱该歌曲。 ​​​","3050","27536","437676","张碧晨方称享有年轮永久演唱权利;张碧晨不再演唱年轮","2026-05-29 16:18:12"
"5192232709657176","https://weibo.com/5660519061/PCHoqEwgU?refer_flag=1001030103_","张碧晨 年轮","2025年07月25日 09:50","互联网猫猫头","普通用户","#李思睿 年轮回家# 可以说没有汪苏泷就没有《年轮》这首歌，双原唱对张碧晨也没啥影响，为啥这么坚持唯一原唱呢，就像白浅所说“我的眼睛放在你那儿放了三百年，怎么就变成了你的东西”，旺仔小乔还是太有实力了点，一句话直接让两位歌手难办，张碧晨告别年轮了 ​","213","3274","74537","李思睿 年轮回家","2026-05-29 16:18:12"
"5193051066600340","https://weibo.com/5663510996/PD2GmrH36?refer_flag=1001030103_","张碧晨 年轮","2025年07月27日 16:01","无视方无终","普通用户","#张碧晨年轮海外版权受限# 如果不是张碧晨这歌谁知道啊！ 不挑事也不怕事！她不唱我们就不听了！ 感觉张碧晨唱的年轮更好听，汪苏泷为什么要收回演唱权，双原唱不好吗 本来还挺喜欢汪苏泷的，因为这件事对他路好转路人了，不会再听他的歌了 ​","127","7386","62100","张碧晨年轮海外版权受限","2026-05-29 16:18:12"
"5192687763849788","https://weibo.com/2318910945/PCTeog9vm?refer_flag=1001030103_","张碧晨 年轮","2025年07月26日 15:58","新浪热点","媒体","【 #张碧晨方说无需多言# 】7月26日， @张碧晨Studio 发文纪念张碧晨出道11周年，“不必回头，也无需多言。继续唱吧，唱给明天、唱给热爱、唱给心里最清澈的那部分自己。”疑似再回应《年轮》原唱风波。 ​ ​​​","1070","10653","310883","张碧晨方说无需多言","2026-05-29 16:18:12"
"5192180966884693","https://weibo.com/6004281123/PCG2YsT1r?refer_flag=1001030103_","张碧晨 年轮","2025年07月25日 06:24","梨视频","媒体","【 #张碧晨方回应年轮原唱# 】7月25日凌晨， @张碧晨Studio 发文：“近日，网络上关于歌曲《年轮》的相关言论引发了不必要的争议与误解。为正视听，也为维护张碧晨女士作为该作品唯一原唱的合法权益我们郑重说明。” “一场源于某博主的舆论争议，意外将一首陪伴听众十年的好作品推向风口浪尖，我们倍感遗憾。感谢十年前与《年轮》的相遇，也感谢过去十年《年轮》带来的共鸣、泪水与力量，值此《年轮》发行十周年之际，好好和这首作品告个别。” #多方已注册年轮商标# #年轮商标已被申请注册# 收起 d","978","11211","266053","张碧晨方回应年轮原唱;多方已注册年轮商标;年轮商标已被申请注册","2026-05-29 16:18:12"
"5192314130530481","https://weibo.com/2318910945/PCJvL2e09?refer_flag=1001030103_","张碧晨 年轮","2025年07月25日 15:13","新浪热点","媒体","【 #花千骨制片人回应年轮争议# 】对于近期《年轮》原唱争议，有网友认为是《花千骨》剧方请汪苏泷写了《年轮》作为插曲，并邀请汪苏泷和张碧晨分别演唱了男女版本。 #张碧晨方称享有年轮永久演唱权利# 对此，，她称该剧的OST除了《是夜》《不可说》《疤痕》之外，都是与海蝶音乐合作的。剧方是从海蝶提供的众多歌曲里盲选的《年轮》，当时海蝶提供的是张碧晨演唱的版本。因为当时很多歌手和创作者都和海蝶音乐有签约，所以剧方对于海蝶音乐和汪苏泷、张碧晨之间的合作细节并不知情。（腾讯娱乐） 收起 d","602","8456","67134","花千骨制片人回应年轮争议;张碧晨方称享有年轮永久演唱权利","2026-05-29 16:18:12"
"5192387968108888","https://weibo.com/1700720163/PCLqQy1uw?refer_flag=1001030103_","张碧晨 年轮","2025年07月25日 20:07","钱江晚报","媒体","#年轮纠纷撕裂了谁的体面# 旺仔小乔的一句“我认定的事不会改”，成功让《年轮》从KTV金曲沦为“法考真题”。这位网红的惊天一锤，砸出了音乐圈十年难遇的割席场景：两个原唱在热搜上互相递交“出生证明”，一夜之间，音乐版权也再度被拽回到公众视野中。 7月25日凌晨的互联网，注定不平静。0点刚过5分钟，汪苏泷工作室发文，宣布收回歌曲《年轮》所有商业演唱授权。15分钟后，张碧晨工作室的声明也来了，坚称张碧晨是“无可争议的唯一原唱”。 当旺仔小乔在直播间斩钉截铁宣称“《年轮》原唱只有张碧晨”时，她可能未曾想到，这句话会如同多米诺骨牌一般，推倒两位好友甚至整个行业的体面。 随后，音乐平台的标签操作让局势愈发无法挽回： QQ音乐在7月23日移除了张碧晨版《年轮》的“原唱”标识，仅标注为“演唱者”，而汪苏泷版本却仍保留“原唱”标签。 这一操作瞬间点燃舆论风暴。尽管平台在数小时后恢复标识，但裂痕已然产生。 汪苏泷方的终极态度在7月25日凌晨到来——收回《年轮》所有商业演唱授权，同时确认《梦幻诛仙》为双原唱模式。这一合法但凌厉的版权杀招，直接将张碧晨推入尴尬境地：她的录音版本仍可传播，但未来商演若唱《年轮》，将面临侵权风险。 张碧晨工作室则以国家级版权登记和十年前的首发记录为凭，强调其“无可争议的唯一原唱”地位。至此，十年合作伙伴，在版权战场上以一种特殊的方式相见了。 《年轮》版权之争，深植于2015年《花千骨》OST发行时的“双黄蛋”策略：张碧晨女声版（6月15日）与汪苏泷男声版（6月30日）先后落地。这本是行业心照不宣的“并行宇宙”（比如《知否知否》的胡夏与郁可唯版本）。但音乐平台的混乱标注，算是积了妥妥的“反向赛博功德”：网易云音乐勤恳标注“双原唱”，QQ音乐标签随心而动，此次更是上演了单方面“摘牌”的迷惑行为…… 法律定义的空白则让争议陷入死局。《著作权法》未对“原唱”作出明确定义，音著协人士坦言：“若合同未明确约定，创作人与首唱者均可能被认定为原唱”。 2015年那份尘封的合同细节，成了悬在空中的达摩克利斯之剑。汪苏泷昔日那句戏谑——“这首歌除了张碧晨，其他都是我的”，在今时今日看来，竟充满了“预见性”。 在规则模糊的荒原上，创作权与表演权这对本应共舞的伙伴，被迫上演了相互推高地的生死搏杀。 举个更形象的例子，如今的汪苏泷握着作品“不动产权证”，张碧晨只有十年租赁合同，而网红们举着手机在楼盘前拼命搞探房直播，网易云坚持“双胞胎业主”认证，QQ音乐连夜铲除张女士门牌号，酷狗音乐干脆挂出“产权争议中”的免责声明……十年树木年轮静好，十年金曲却陷入了“房产证加名”大战。 在内娱，很多事情都办得稀里糊涂的。汪苏泷行使版权收回权，无疑是法理框架内的“标准动作”。但这也不可避免地撕裂了音乐创作中微妙而珍贵的“共生肌理”。我们已经无数次见过类似的剧情，当版权之手轻轻一拨，表演者倾注心血、赋予歌曲灵魂乃至市场生命的巨大贡献，便有可能在法律天平上骤然“失重”。 《年轮》困局的背后，值得思索的，还有这些年来的OST产业。 2015年，张碧晨版《年轮》依托《花千骨》破圈，其传播逻辑本质是“剧带歌”。音乐作为剧集附属品，价值在于提升观众沉浸感，在国内制作预算常常不足总投资的1%，词曲作者与演唱者也大多是收取一次性劳务费，鲜少参与后续分成。这种“剧红歌红却难变现”的尴尬，恰如一些资深制作人所言：“把OST单拎出来赚钱？简直是天方夜谭！” 可想而知，作为电视剧的“过继儿子”，一首OST在诞生之初，本就带着未知的“命运”，一旦日后这个儿子发达了，此前模糊不清的版权规则，可能就成了埋着的雷。 一边是“创作与演唱权益割裂”的风险：汪苏泷作为词曲作者享有长期版税，而张碧晨虽以“剧用版”奠定大众认知（音乐平台1400万+的收藏量，远超汪苏泷的近500万+），其表演者权（邻接权）却难以从后续流媒体播放、翻唱授权中分羹； 另一边是“双版本”的风险：OST为适配剧情常衍生多版本（如男女声、角色曲），但行业缺乏对“并行首发”权益的约定模板。当《年轮》双版从“艺术互补”走向“版权互斥”，一旦收益分配规则缺席，再加上有旺仔小乔这样的“火星”，争议很容易就像老房子那样一点就着。 别墅里面唱K，旺仔小乔就是那条没头没脑的“银龙鱼”。除了混淆“原唱”与“版权”的基本概念，她一面在直播间笃定地“指认”原唱，一面竟然还接受粉丝花抖币点唱《年轮》。版权方在流量变现的狂欢中，好像又被遗忘在了角落。 但局面已经无法挽回——旺仔小乔自身掉粉60万的代价，与这场闹剧对行业生态造成的震荡相比，不过是茶杯里的风暴。 目前来看，“年轮大战”的硝烟里，是“三输”的局面——汪苏泷背负“断人财路”的指摘；张碧晨痛失以代表作进行商业演唱的自由；而那些曾在旋律中寄存青春记忆的听众，则被迫见证了喜欢的歌曲沦为规则漏洞与利益博弈的祭品。 回望汪苏泷与张碧晨曾在聚光灯下携手演绎《年轮》的画面，恍如隔世。版权江湖也再一次用规则提醒所有人，在流量与创作的天平上，情感共鸣永远是最脆弱的砝码。（潮新闻 记者 陈宇浩） L 钱江晚报的微博视频 收起 d","1716","9847","208367","年轮纠纷撕裂了谁的体面","2026-05-29 16:18:12"
"5192185603425201","https://weibo.com/6004281123/PCGasen3b?refer_flag=1001030103_","汪苏泷 年轮","2025年07月25日 06:42","梨视频","媒体","【 #汪苏泷方决定收回年轮授权# 】7月25日，汪苏泷对接号 @SilenceRadio0917 发文：关于此次《年轮》歌曲因某博主不当话术引发的相关争议，我们本无意参与，并且第一时间积极沟通还原事情全貌，希望能减少负面舆论，但发现仍不断掉进风波中心。 作为创作者，我们尊重每一位合作方，也尊重音乐的生长规则，希望让关注回归音乐本身。在《年轮》发行十年之时，我们决定收回《年轮》授权，暂不授权该作品做任何演唱。 同时，关于因《年轮》产生的另一首歌曲《梦幻诛仙》的风波，我们第一时间在查询合约后，确认这首歌曲也是双原唱。 天眼查知识产权信息显示，“年轮”已被多方申请注册为商标，申请人包括多家医院、电子商务、新材料等公司及自然人，国际分类涉及燃料油脂、网站服务、教育娱乐等，当前商标状态多为已注册。 #汪苏泷就近期谣言告黑# #汪苏泷就近期网传不实不当言论告黑# 收起 d","1171","7875","218831","汪苏泷方决定收回年轮授权;汪苏泷就近期谣言告黑;汪苏泷就近期网传不实不当言论告黑","2026-05-29 16:18:49"
"5192407907831105","https://weibo.com/1428471193/PCLX0wRe9?refer_flag=1001030103_","汪苏泷 年轮","2025年07月25日 21:26","AUTO老徐","普通用户","#张碧晨方称享有年轮永久演唱权利# 汪苏泷：饭做好咯，你盛饭吧。 张碧晨：好的。 旺仔小乔：饭是张碧晨做的。 汪苏泷：饭是我做的，是张碧晨盛的，我们俩都参与了做饭。 张碧晨：饭是我一个人做的。 汪苏泷：那你别吃了。 ​","313","2159","40101","张碧晨方称享有年轮永久演唱权利","2026-05-29 16:18:49"
"5281975724149321","https://weibo.com/5523180767/QyoyUhpqx?refer_flag=1001030103_","汪苏泷 年轮","03月30日 01:16","汪苏泷Studio","官方/工作室"," 汪苏泷超话 #汪苏泷2026罗曼前传世巡# 「罗曼前传」收官之夜，欢呼来得比预想的热烈，不舍也来得比预想的浓烈🎇 为了每次见面足够新鲜，我们制造了不同的仪式感，《耿》前必有梗，《耿》中必有话；《像晴天像雨天》的魔法必定随着“3211”显现…💓 这次，他带着全新的主题全新的舞美走向了世界 带着世界名曲《有点甜》走向了世界 带着《剑魂》《三国杀》《年轮》等中国风音乐走向了世界 带着最新的专辑最新的原创音乐走向了世界 我们用一个月的时间，跨越南北半球经历超长飞行超长时差，完成了5站11场🎉 给「罗曼前传」以最好的口碑留下最传奇的故事👍 谢谢新加坡 谢谢每一个愿意跋山涉水来见面的朋友们 谢谢「罗曼前传」🔑 我们「明日世界」见 #汪苏泷2026世巡新加坡站# 收起 d","1626","2003","14191","汪苏泷2026罗曼前传世巡;汪苏泷2026世巡新加坡站","2026-05-29 16:18:49"
"5194174112729143","https://weibo.com/7307411548/PDvTJbrYr?refer_flag=1001030103_","汪苏泷 年轮","2025年07月30日 18:24","打工小狗天天摸鱼版","普通用户","#旺仔小乔是张碧晨最大的黑粉吧# 张碧晨广州站演唱会开票遇冷，直播间售票遭网友刷屏干扰，。此前因“旺仔小乔”言论引发《年轮》原唱争议。张碧晨曾称和汪苏泷关系非常好，曾说过“《年轮》是关系非常好的朋友为我写的”，最后双方关系演变成这样旺仔小乔可谓“功不可没”，对此你怎么看。 #暑期嘉年华# 收起 d","2669","2775","52978","旺仔小乔是张碧晨最大的黑粉吧","2026-05-29 16:18:49"
"5192562119279793","https://weibo.com/6301725233/PCPXJCW65?refer_flag=1001030103_","汪苏泷 年轮","2025年07月26日 07:39","饭圈天真妹","普通用户","年轮、下一秒、梦幻诛仙都是由汪苏泷作词作曲的 一首成功的歌曲离不了所有的创作者 #张碧晨有三首歌都是汪苏泷作词作曲# ​","1023","11998","174022","张碧晨有三首歌都是汪苏泷作词作曲","2026-05-29 16:18:49"
"5194470062821039","https://weibo.com/5523180767/PDDB4bPSD?refer_flag=1001030103_","汪苏泷 年轮","2025年07月31日 14:00","汪苏泷Studio","官方/工作室"," 汪苏泷超话 #汪苏泷好爱日记# 在好天气回到熟悉的合肥，和韩红老师一起合唱起《年轮》，又是一番全新味道。全场一起唱起《像晴天像雨天》“好喜欢你”时，像是我们心照不宣的默契💕 十万伏特能量持续传递中⚡️我们八月见 L 汪苏泷Studio的微博视频 ​","2766","4534","52388","汪苏泷好爱日记","2026-05-29 16:18:49"
"5193852563755709","https://weibo.com/1682207150/PDnx6fL1X?refer_flag=1001030103_","年轮 原唱","2025年07月29日 21:06","南方日报","媒体","【 #专家称张碧晨唯一原唱证据不足# 】 #专家分析张碧晨是否有权再唱年轮# 7月25日，因网红“旺仔小乔”称歌曲《年轮》的原唱是  张碧晨超话 、非  汪苏泷超话 而引发的争议，汪苏泷方回应表示该歌曲为“双原唱”，并宣布收回《年轮》的授权，暂不授权该作品做任何演唱。 随后，张碧晨工作室亦发布声明和相关证明资料，坚持张碧晨为该歌曲的“唯一原唱”。 “原唱”和“双原唱”的认定是什么？张碧晨方坚持“唯一原唱”的证据足够充分吗？ 海润天睿律师事务所高级合伙人、文化娱乐与传媒业务部主任杨曙光向记者分析，首先，从立法层面来说，我国目前并无单行法专门定义“原唱”，但可适用《著作权法》与《民法典》的体系解释。《著作权法》第40条规定，首次录制并公开发行录音制品的演唱者，享有“录音制作者权”中的表演者权。《民法典》第1023条规定，禁止在翻唱时以误导方式隐匿“首次公开发表的表演者身份”。学界与司法实践通常把该“首次公开发表的表演者”视为“原唱”。 其次，从行业惯例角度来说，是“时间优先”原则，也就是以录音制品的首次公开发行时间为准。如果同一作品存在多个官方授权版本（如男女声双版本）时，只要均系“首次公开发行”，可认定为“多原唱”。 杨曙光表示，张碧晨方提供的证据可证明其“女声版首发”的事实，满足“时间优先”要件；但并不能排除“多原唱”可能，汪苏泷作为词曲作者及版权人，其发行的男声版同样属于官方授权的首发录音制品，亦符合《民法典》第1023条对原唱的定义。因此，张碧晨方提供的证据只能证明“首唱”，尚不足以在法律上得出“唯一原唱”结论。 “张碧晨、汪苏泷各自对其演唱版本享有表演者权；‘原唱’并非排他性概念，只要符合‘首次公开发行’标准，可并存。司法实践与行业惯例均认可‘双原唱’模式。”杨曙光说。 有业内音乐版权专家亦向记者指出，从行业惯例来看，原唱通常是指第一个将歌曲以正式发行的方式推向公众的演唱者，强调的是“首次公开发行”这一关键要素。 在他看来，由于目前法律上并无“唯一原唱”的说法和认定标准，而根据“原唱”的定义和张碧晨提供的证据，按照行业约定俗成，认定张碧晨为原唱并无问题。“张碧晨确实是首个公开发行并广泛传播该歌曲录音版本的歌手，其证据符合法律和行业惯例对于原唱的认定标准。”因此，该专家认为张碧晨方主张的“原唱”具有其合法性，但是否为“唯一原唱”具体还需看当时签署的合同约定。 知名乐评人爱地人则认为，一首OST歌曲两个歌手同时唱，肯定事先签署了双原唱合约。“即使上线时间略有偏差，比如差一两天，甚至几小时、几分钟，但同一个档期同一个OST，不可能同一首歌曲还要分谁是原唱，那另一个版本叫翻唱？同一个剧上线，一首主题曲或插曲，一个原唱一个翻唱？歌手怎么会签这种合约。” 对于汪苏泷方宣布暂不授权《年轮》做任何演唱这一做法，杨曙光分析其中的法律要点时指出，汪苏泷享有《年轮》完整词曲著作权（发表权、复制权、信息网络传播权、改编权等），任何人翻唱均需其许可。著作权人有权单方终止非独占性许可；汪苏泷收回授权后，任何第三方（含张碧晨）如需继续商业性演唱或发行，必须重新取得汪苏泷授权，否则构成侵权。 版权专家亦向记者表示，根据《著作权法》，词曲作者享有音乐作品的著作权，著作权包含人身权和财产权，其中表演权赋予了词曲作者决定作品如何被表演、谁来表演的权利。汪苏泷作为《年轮》的词曲作者，对该作品拥有不可置疑的版权，有权决定是否授权他人演唱或使用该作品。 同时，该专家指出，张碧晨是否具备可以继续使用该作品的权利，仍需看回最早张碧晨演唱该作品时，是否有正式合同以及合同是否有相关的期限和条件，才能判断张碧晨在日后的使用权利。 此前，张碧晨与汪苏泷曾有过同台合作，在社交平台上亦有过友好互动。此次张碧晨宁愿站在汪苏泷主张的对立面，也要坚持“唯一原唱”的名义，当中可能的原因有哪些？ 版权专家分析，从法律和事实角度，张碧晨认为自己符合“原唱”定义，坚持“唯一原唱”是为了维护自身权益，明确自己在歌曲演唱层面的原创地位，避免自身演唱成果被模糊或忽视。而从商业角度看，“原唱”身份可能涉及到歌曲相关的收益分配、演出邀请、品牌合作等利益，明确“唯一原唱”有助于在后续商业活动中占据更有利地位。“歌曲版权变现途径不多，信息网络传播是其中重要的一种。业界有个说法，流量被分走，就意味着版税被分走。音乐平台上热歌的‘原唱’标识对收听流量和版税的影响，比你想象的还要大。” #QQ音乐回应张碧晨仍是年轮原唱# （南方都市报） 收起 d","1723","1887","29129","专家称张碧晨唯一原唱证据不足;专家分析张碧晨是否有权再唱年轮;QQ音乐回应张碧晨仍是年轮原唱","2026-05-29 16:19:21"
"5192222030957650","https://weibo.com/5856917412/PCH7d417Y?refer_flag=1001030103_","年轮 原唱","2025年07月25日 09:07","一只小团子嘻","普通用户","#汪苏泷方决定收回年轮授权# 汪：不要被博主误导，我写的歌但我们是双原唱 张碧晨方回应年轮原唱：我是唯一原唱  汪：好，那你以后别想唱了。本来两家是朋友现在被旺仔小乔搞成这样！大象音乐老板回应年轮原唱：年轮回家！！ ​","171","2550","42425","汪苏泷方决定收回年轮授权","2026-05-29 16:19:21"
"5192673235307954","https://weibo.com/1642591402/PCSQXmgQa?refer_flag=1001030103_","年轮 原唱","2025年07月26日 15:00","新浪娱乐","媒体","#张碧晨汪苏泷年轮合约存在信息差# #律师说原唱不是法律概念是宣传用词# 新浪娱乐 @娱理 工作室解读 @张碧晨 @汪苏泷 《年轮》原唱争议，分别咨询了三位权威版权律师，得出以下结论： 1、“原唱”不是一个明确的法律定义，更多是宣传中的概念，类似“番位”； 2、从行业惯例来说，通常认为首次公开演唱者是原唱； 3、《著作权法》对歌手的保护重点不在于谁是原唱，而是平等保护每位歌手所享有的表演者权； 4、张碧晨可能更多是出于情感或舆论方面的考虑，今后不再演唱《年轮》； 5、张碧晨已经录制过的版本依旧可以继续流传，只是演唱会现场成为绝唱。 收起 d","363","4863","41323","张碧晨汪苏泷年轮合约存在信息差;律师说原唱不是法律概念是宣传用词","2026-05-29 16:19:21"
"5192304609987365","https://weibo.com/7825912715/PCJgoFUax?refer_flag=1001030103_","年轮 原唱","2025年07月25日 14:35","小野的瓜田","普通用户","汪苏泷在之前的一档节目中就提到：《年轮》这首歌，词曲是我，原唱是我，除了张碧晨，这首歌都是我的。 其实汪苏泷也想让对方体面一点，奈何对方不给面子，行吧，那就别玩了。 #汪苏泷的版权意识有多强# ​","192","1967","38974","汪苏泷的版权意识有多强","2026-05-29 16:19:21"
"5192213254637086","https://weibo.com/1656737654/PCGT3jsjI?refer_flag=1001030103_","年轮 原唱","2025年07月25日 08:32","现代快报","普通用户","【 #张碧晨方列出年轮关键事件时间线# 】7月25日， @张碧晨Studio 发声明回应，称张碧晨是《年轮》的唯一原唱，并晒出《年轮》关键事件时间线；而《梦幻诛仙》，歌曲从立项之初即为双版本设置；工作室表示尊重合作，也希望尊重演唱者权益，与《年轮》告别，希望争议就此画上句号。此前，汪苏泷工作室对接账号发文，指出因某博主不当言论导致争议升级，决定“收回《年轮》授权，暂不授权任何演唱”。 #张碧晨方回应年轮原唱# ​​​ L 现代快报的微博视频 收起 d","454","5585","79516","张碧晨方列出年轮关键事件时间线;张碧晨方回应年轮原唱","2026-05-29 16:19:21"
"5193795048049561","https://weibo.com/7647806002/PDm2kxM3D?refer_flag=1001030103_","年轮 原唱","2025年07月29日 17:18","后浪视频","媒体","【 #QQ音乐回应张碧晨仍是年轮原唱# 】  近日，因旺仔小乔称《年轮》原唱不是汪苏泷引争议， @张碧晨 方称自己为唯一原唱， @汪苏泷 方收回《年轮》授权，29日，QQ音乐仍然显示张碧晨为《花千骨》电视剧插曲《年轮》原唱。对此，QQ音乐回应称，《年轮》原唱标签问题内部很重视已反馈，原唱标是需要注册音乐人后上传歌曲和相应资料才可以有。 @后浪视频 #QQ音乐张碧晨仍是年轮原唱# L 后浪视频的微博视频 收起 d","849","5312","59516","QQ音乐回应张碧晨仍是年轮原唱;QQ音乐张碧晨仍是年轮原唱","2026-05-29 16:19:21"
"5192216146350121","https://weibo.com/6134393125/PCGXIqDXj?refer_flag=1001030103_","年轮原唱之争","2025年07月25日 08:44","Music_Data","普通用户","旺仔小乔让歌手圈大地震了，汪苏泷方决定收回年轮授权，暂时不授权该作品任何翻唱。张碧晨方回应年轮原唱，并列出年轮关键事件时间线，坚持称自己是年轮唯一原唱。然后大象音乐老板李思睿也回应年轮原唱问题，称家里还有邮件记录，的确是男女版本是同时存在的，并表示事已至此，年轮回家。 #汪苏泷方决定收回年轮授权# 收起 d","238","2043","28445","汪苏泷方决定收回年轮授权","2026-05-29 16:19:55"
"5191317604796824","https://weibo.com/7487705272/PCjAsk7S8?refer_flag=1001030103_","年轮原唱之争","2025年07月22日 21:13","莞凝十二","普通用户","#旺仔小乔说年轮原唱不是汪苏泷# 虽然但是，我刚去QQ音乐看了一眼，年轮原唱标注的是张碧晨，到底是谁啊？ ​","13","1087","12273","旺仔小乔说年轮原唱不是汪苏泷","2026-05-29 16:19:55"
"5192235815275106","https://weibo.com/2816167560/PCHtrm8im?refer_flag=1001030103_","年轮原唱之争","2025年07月25日 10:02","重庆广电第1眼","普通用户","【 #年轮之争也是版权的意识觉醒# 】 #汪苏泷曾在脱口秀中回应年轮原唱# 7月25日， @张碧晨Studio 发声明回应，称张碧晨是《年轮》的唯一原唱，并晒出《年轮》关键事件时间线；而《梦幻诛仙》，歌曲从立项之初即为双版本设置；工作室表示尊重合作，也希望尊重演唱者权益，与《年轮》告别，希望争议就此画上句号。此前，汪苏泷工作室对接账号发文，指出因某博主不当言论导致争议升级，决定“收回《年轮》授权，暂不授权任何演唱”。 #张碧晨方回应年轮原唱# 7月22日，旺仔小乔称《年轮》原唱不是汪苏泷的话题登上热搜引发争议。旺仔小乔回复网友评论称：“《年轮》由汪苏泷创作，但原唱是张碧晨，我认定的事不会改”。而汪苏泷也曾在脱口秀表演中，回应过《年轮》原唱这件事，并调侃：“这首歌除了张碧晨，其他都是我的”。 7月23日，有网友发现QQ音乐移除了张碧晨版《年轮》的“原唱”标签，引发网友关注。此前该平台仅标注张碧晨为原唱，而网易云音乐等平台则长期标注张碧晨与汪苏泷为“双原唱”。 据了解，2015年《花千骨》电视剧插曲《年轮》由张碧晨演唱女生版（6月15日发行），汪苏泷演唱男声版（6月30日发行），两版本同期收录于官方原声带。 业内分析人士指出，此次收回授权的决定，实则是汪苏泷对音乐版权的又一次强势宣示。早在2018年，他就因拒绝《跑男》导演“免费写歌换通告”的要求登上热搜，被赞“版权意识标杆”。此次声明中特别强调“尊重合作方但须维护创作者权益”，被看作是对行业乱象的正面回应。 消息公布后，社交媒体迅速分化成两大阵营。部分歌迷感慨“再也听不到新版《年轮》翻唱”，而更多粉丝则力挺维权决定，在超话发起“十年轮回忆杀”话题，晒出2015年至今的歌曲收听记录。有乐评人认为，此举或将推动音乐行业建立更规范的授权机制：“当《年轮》这样的国民级OST都开始严控版权，翻唱乱象才有望根治。” 这场持续十年的“年轮之争”，或许正是华语乐坛版权意识觉醒的最佳注脚。 L 重庆广电第1眼的微博视频 收起 d","87","1504","17324","年轮之争也是版权的意识觉醒;汪苏泷曾在脱口秀中回应年轮原唱;张碧晨方回应年轮原唱","2026-05-29 16:19:55"
"5193048411868924","https://weibo.com/1501563482/PD2C57QbW?refer_flag=1001030103_","年轮 版权","2025年07月27日 15:51","明星娱乐新闻","媒体","#张碧晨年轮海外版权受限# 张碧晨版《年轮》在某音乐软件的海外区域的版权受限，变灰了，有网友解释是有bug，到底怎么回事啊 ​","457","3416","49105","张碧晨年轮海外版权受限","2026-05-29 16:20:27"
"5192411572864892","https://weibo.com/2522098777/PCM2Vc1hW?refer_flag=1001030103_","年轮 版权","2025年07月25日 21:40","召唤师Park","普通用户","发酵了一天，汪苏泷和张碧晨是真闹僵了， 汪苏泷要收回《年轮》版权，不让张碧晨唱了，张碧晨方说享有《年轮》全球范围永久演讲权，但是以后都不唱了，不是不能唱，而是不想唱。 在今天的深圳演讲会，汪苏泷不只玩了谐音梗“深圳不怕影子斜”，还全场大合唱《年轮》，看得出来很在意这场风波，但是:)表达的很隐晦，汪苏泷体面人这句话的含金量还在上升。 公说公有理，婆说婆有理，到底谁占理？ #张碧晨方称享有年轮永久演唱权利# #汪苏泷说深圳不怕影子斜# 收起 d","64","1129","9020","张碧晨方称享有年轮永久演唱权利;汪苏泷说深圳不怕影子斜","2026-05-29 16:20:27"
"5192388643657003","https://weibo.com/6694120511/PCLrWfllV?refer_flag=1001030103_","年轮 版权","2025年07月25日 20:09","顾小西X","普通用户","#张碧晨方称享有年轮永久演唱权利# 汪苏泷：不要被带节奏了，我俩都是原唱。 张碧晨工作室：张碧晨是唯一原唱。 汪苏泷：那你别唱了，我收回版权了。 张碧晨:我有永久演唱权利，但我以后不唱了。 #汪苏泷深圳不怕影子斜# ​","182","1607","25839","张碧晨方称享有年轮永久演唱权利;汪苏泷深圳不怕影子斜","2026-05-29 16:20:27"
"5193052765029310","https://weibo.com/6258043573/PD2J6l6lU?refer_flag=1001030103_","年轮 版权","2025年07月27日 16:08","鸡米花娱","普通用户","#张碧晨年轮海外版权受限# 这男的也太小心眼了吧！ 没想到曲靖是最后一次听你唱年轮啦，谢谢1400w+收藏的年轮陪我们走过的这十年，出道十一年快乐，年轮再也不见，失去的东西会以另外一种方式回来。 ​","61","3033","26904","张碧晨年轮海外版权受限","2026-05-29 16:20:27"
"5192085638220062","https://weibo.com/8003149388/PCDzdyupE?refer_flag=1001030103_","双原唱","2025年07月25日 00:05","SilenceRadio0917","普通用户","关于此次《年轮》歌曲因某博主不当话术引发的相关争议，我们本无意参与，并且第一时间积极沟通还原事情全貌，希望能减少负面舆论，但发现仍不断掉进风波中心。 作为创作者，我们尊重每一位合作方，也尊重音乐的生长规则，希望让关注回归音乐本身。 在《年轮》发行十年之时，我们决定收回《年轮》授权，暂不授权该作品做任何演唱。 同时，关于因《年轮》产生的另一首歌曲《梦幻诛仙》的风波，我们第一时间在查询合约后，确认这首歌曲也是双原唱。 音乐不止一种声音，因杂音而扰乱内心大可不必。如果你不开心，今晚罗曼城欢迎你的加入。 收起 d","9980","10497","182350","","2026-05-29 16:21:27"
"5192239519105201","https://weibo.com/6004281123/PCHzpCcG5?refer_flag=1001030103_","双原唱","2025年07月25日 10:17","梨视频","媒体","【 #汪苏泷张碧晨年轮被标双原唱# 】7月25日，在QQ音乐及网易云音乐应用的歌曲《年轮》搜索界面中，张碧晨和汪苏泷版本均被标为原唱。此前，“张碧晨年轮原唱被取消”登上热搜。 #汪苏泷就近期谣言告黑# #汪苏泷就近期网传不实不当言论告黑# ​","116","1784","17402","汪苏泷张碧晨年轮被标双原唱;汪苏泷就近期谣言告黑;汪苏泷就近期网传不实不当言论告黑","2026-05-29 16:21:27"
"5192218186614429","https://weibo.com/1619056353/PCH10rKIl?refer_flag=1001030103_","张碧晨告别年轮","2025年07月25日 08:52","刘尼尼","普通用户","一个坚持自己是唯一原唱，与《年轮》告别 一个坚持是双原唱，收回《年轮》授权 好好一首歌，为什么会闹成这样呢？ #张碧晨方回应年轮原唱# #汪苏泷方决定收回年轮授权# ​","91","2298","32152","张碧晨方回应年轮原唱;汪苏泷方决定收回年轮授权","2026-05-29 16:21:57"
"5192262918340717","https://weibo.com/6592462760/PCIb9yZNH?refer_flag=1001030103_","张碧晨告别年轮","2025年07月25日 11:50","404企划","普通用户","#张碧晨告别年轮# 呃……这哥们儿不止一次干这事儿了吧，歌被原唱唱🔥了他就自己唱一版，甚至给人家原唱干下架，然后自己就是原唱，当然这是种创作者的权利，但这种坑原唱的创作者还是谨慎合作吧 无论如何，在很多人看来张碧晨就是《年轮》当之无愧的原唱 ​","170","4760","55747","张碧晨告别年轮","2026-05-29 16:21:57"
"5192210607506797","https://weibo.com/5951921607/PCGOMvuRn?refer_flag=1001030103_","张碧晨告别年轮","2025年07月25日 08:22","京昭茶弥","普通用户","#张碧晨方回应年轮原唱# 俩人多年友情因为旺仔小乔一句话就这么水灵灵的闹掰了？？汪苏泷的确是原创但是年轮不就是靠张碧晨才唱火的吗。而且也没人说汪苏泷不是原创啊 为什么这么执着于双原唱？ 况且从头到尾都只听过张碧晨版的年轮，硬要说双原唱真的无法理解 #张碧晨告别年轮# ​","25","1158","16449","张碧晨方回应年轮原唱;张碧晨告别年轮","2026-05-29 16:21:57"
"5192259935930045","https://weibo.com/6179161260/PCI6loSFT?refer_flag=1001030103_","张碧晨告别年轮","2025年07月25日 11:38","韩玉洁木有鱼丸","普通用户","#张碧晨告别年轮# 按民法典来说，张碧晨确实是原唱，她的版本是最早的最先发行的，汪苏泷是晚于张碧晨15天后，首唱即原唱 （我也是查的啊，不杠啊） ​","17","1394","5791","张碧晨告别年轮","2026-05-29 16:21:57"
"5192276898218966","https://weibo.com/6134393125/PCIxHyu7Y?refer_flag=1001030103_","张碧晨告别年轮","2025年07月25日 12:45","Music_Data","普通用户","#汪苏泷张碧晨年轮被标双原唱# 《年轮》在音乐平台已更新为双原唱版本。十年后，张碧晨告别年轮，这意味着，若未获得汪苏泷方的授权，她将不再拥有《年轮》的演唱权。 ​","37","1020","6924","汪苏泷张碧晨年轮被标双原唱","2026-05-29 16:21:57"
"5192268161746709","https://weibo.com/7745058738/PCIjC7koJ?refer_flag=1001030103_","张碧晨告别年轮","2025年07月25日 12:11","华迎美","普通用户","#张碧晨告别年轮# 自己的作品不想给别人唱请早点说 ​","34","1536","13918","张碧晨告别年轮","2026-05-29 16:21:57"
"5192364392189679","https://weibo.com/6275217849/PCKOP9bDp?refer_flag=1001030103_","汪苏泷收回年轮授权","2025年07月25日 18:33","君君的旅行日记","普通用户","我觉得张碧晨挺倒霉的吧，来看看正确的时间线。 2021年，一个叫旺仔小乔的网红说《年轮》这首歌只认张碧晨一个原唱。图1 这个言论最近被翻出来，本来是网红引得风波，粉丝打架，结果汪苏泷先下场了。 今天凌晨12点05分，边说：是原唱，收回《年轮》版权，不授权任何歌手再演唱了。图2 凌晨2点16分，张碧晨工作室发声明：张碧晨是唯一原唱，发行十周年之际，好好和这首作品告个别。图3.图4 一个网红的言论，非要下场，把事情闹大。明明张碧晨是被迫反击。粉丝还混淆时间线成：张碧晨嘴硬《年轮》是唯一原唱，汪苏泷因此收回版权，说你别唱了。 好无聊的一个事，但较真再来看看真实的情况。《年轮》是《花千骨》的电视剧OST，作者是汪苏泷，这首歌当年剧方是听到了张碧晨录制的版本，才决定启用，作为电视剧的ost. 图5 汪苏泷当时也录制了一个版本，塞进了《花千骨》的原声带专辑，但电视剧里，并没有启用过，纯粹就是塞进去原声带专辑的。图6 当今乐坛，创作型歌手的确比vocal歌手的话语权大，版权在汪苏泷手里，收回去无可厚非。但这么做，不太厚道吧？明明是粉丝之间的打架，这首歌对于张碧晨来说，也是歌手生涯很重要的一首歌，直接就收回去，让人观感真的不太好。 周杰伦给很多女歌手写过歌，也成为那些人歌手生涯最火的歌，没听说过把它们收回去的。林俊杰则是在很多年后，才把他给女歌手写的歌汇总到一起，推出翻唱专《她说》。 在这里不说粉丝之间的争执，比如“没有《年轮》这个作品，张碧晨红不起来”、“《年轮》是张碧晨唱红，便宜了汪苏泷”这种话。汪苏泷这个行为法律层面没有任何问题，但给人的观感的确不太好。 收起 d","521","1195","21061","","2026-05-29 16:22:24"
"5192205293585268","https://weibo.com/7874002693/PCGGdf2GU?refer_flag=1001030103_","汪苏泷收回年轮授权","2025年07月25日 08:01","BunierJovu","普通用户","#汪苏泷方决定收回年轮授权# 那这样不就只有汪苏泷可以唱年轮了吗？以后张碧晨想唱还要经过他同意？这做法有点难看吧，本来就是双原唱啊，wzxq这次太过了点 ​","51","2834","39142","汪苏泷方决定收回年轮授权","2026-05-29 16:22:24"
"5191526653367765","https://weibo.com/2099868183/PCp1De86N?refer_flag=1001030103_","旺仔小乔 年轮","2025年07月23日 11:04","LiveMusic现场","普通用户","《年轮》汪苏泷就是原唱啊……这歌就是张碧晨汪苏泷双原唱，当年这首歌拿奖是两个版本轮着拿的｜两版同期发行，甚至不存在男版第一原唱女版第一原唱那种说法 有的创作歌手给其他歌手写歌时会给出去一年或几年录音权，只保留个表演权，等几年后自己再录，但汪苏泷这属于从头到尾都在自己手上，甚至发行时间都一样，同时收录在《花千骨》原声里。（原唱只是平台标识问题，有的标有的没标） #汪苏泷方决定收回年轮授权# #张碧晨方回应年轮原唱# #张碧晨年轮原唱被取消# #旺仔小乔咬死年轮原唱是张碧晨# #汪苏泷回应年轮原唱# 收起 d","65","1628","14178","汪苏泷方决定收回年轮授权;张碧晨方回应年轮原唱;张碧晨年轮原唱被取消;旺仔小乔咬死年轮原唱是张碧晨;汪苏泷回应年轮原唱","2026-05-29 16:22:52"
"5193720854480906","https://weibo.com/7883519618/PDk6FiNGG?refer_flag=1001030103_","旺仔小乔 张碧晨","2025年07月29日 12:23","地球OL请加说明书","普通用户","6539 旺仔小乔被嘲成这样没必要吧……抖音微博一打开全部都是在喷她，，张碧晨也被嘲的受不了 至于吗……因为是女人所以可以这么被对待吗 ​","206","1066","23035","","2026-05-29 16:23:02"
"5192585713025889","https://weibo.com/6867350206/PCQzNcHaF?refer_flag=1001030103_","旺仔小乔 张碧晨","2025年07月26日 09:12","幼犬设定","普通用户","汪苏泷：饭做好咯，你盛饭吧。 张碧晨：好的。 旺仔小乔 ：饭是张碧晨做的。 汪苏泷：饭是我做的，是张碧晨盛的。没事，我们都做了饭。 张碧晨：饭是我一个人做的。 汪苏泷（掀桌）：那你别吃了。 大家觉得谁才是真正的体面人呢？ #张碧晨有三首歌都是汪苏泷作词作曲# ​","385","1809","38007","张碧晨有三首歌都是汪苏泷作词作曲","2026-05-29 16:23:02"
"5194033815095743","https://weibo.com/7647806002/PDsfrlnDp?refer_flag=1001030103_","旺仔小乔 张碧晨","2025年07月30日 09:07","后浪视频","媒体","【 #张碧晨曾称和汪苏泷关系非常好# 】近日，因旺仔小乔称《年轮》原唱不是汪苏泷引争议， @张碧晨 方称自己为唯一原唱， @汪苏泷 方收回《年轮》授权。张碧晨曾称和汪苏泷关系非常好，在演唱《年轮》前称：这首歌是关系非常好的朋友为我写的。 @后浪视频 L 后浪视频的微博视频 ​","99","1818","25413","张碧晨曾称和汪苏泷关系非常好","2026-05-29 16:23:02"
"5194233254511737","https://weibo.com/6275217849/PDxr7iVHX?refer_flag=1001030103_","旺仔小乔 原唱","2025年07月30日 22:19","君君的旅行日记","普通用户","这是现在的热搜一。 旺仔小乔原话是：我只认张碧晨是原唱，但不否定汪苏泷的创作。（还是四年前的话） 张碧晨在被收回版权、不让吃了后，第一次发声，说自己是唯一原唱。 这两人这几天一直被挂在热搜上，花式的黑话题嘲讽。也许你不喜欢她们，但这件事她俩到底做错了啥？ ​","84","1290","22196","","2026-05-29 16:23:23"
