platform,song_version,comment_user,comment_text,comment_likes,comment_time,crawl_time
QQ音乐,张碧晨版,Wanda.,杜鹃粉看着歌还是这么火急坏了没自己主场了就知道贴脸😂你就哥哥那里是没有你的容身之所了？让你出来冲锋陷阵😂 | 张杜鹃继续偷偷摸摸一辈子吧,0,2026-05-29,2026-05-29 17:59:37
QQ音乐,张碧晨版,和泉纱雾,咋给三角洲主播放上来了😂😂,0,2026-05-29,2026-05-29 17:59:37
QQ音乐,张碧晨版,:D 嘻:-P,🍬糖 | 你们粉丝人品不行哦,0,2026-05-27,2026-05-29 17:59:37
QQ音乐,张碧晨版,尘雨初晨,笑死我了，过来乞讨来了？,3,2026-05-27,2026-05-29 17:59:37
QQ音乐,张碧晨版,666,他们圈子需要喜欢吗，一个喜欢一个人钱罢了 | 不喜欢就可以发生关系了吗，涨见识了,0,2026-05-26,2026-05-29 17:59:37
QQ音乐,张碧晨版,666,该对女生有恶意别逗我了，自己做的事在那里，且明星已经脱离男女了，你别把自己代入，人家可看不上普通人，看不上你可怜她 | 发现这个社会女性永远对女性最为恶意,0,2026-05-26,2026-05-29 17:59:37
QQ音乐,张碧晨版,666,法律上不存在永久演唱权这一说法，其次这歌是写给花千骨的，张碧晨并没有版权且就连花千骨官方都没版权，法律不承认什么永久演唱权这一说法，只看重版权 | 人家张碧晨合同里面是全球永久演唱权，你汪苏泷作为创作人，卖了歌还想抢当原唱？收的回吗？能让张碧晨版从QQ音乐下架吗？有那个本事嘛,0,2026-05-26,2026-05-29 17:59:37
QQ音乐,张碧晨版,666,歌好电视剧火，换个女的来都行😅😅还有张碧晨把汪苏泷写的两首歌下了还真就没几首拿得出手了，少了梦幻诛仙和年轮还有啥 | 没有张碧晨这首歌能火吗？张碧晨缺这一首歌？也就你家汪苏泷想找一首大火的歌想得这么疯吧。,0,2026-05-26,2026-05-29 17:59:37
QQ音乐,张碧晨版,666,法律上不存在永久演唱权这一说法哦，人说啥你信啥😅😅😅 | 你搞清楚，不是我们不能唱了，是我们不稀罕唱了， 张碧晨女士依法享有《年轮》该歌曲在全球范围内的永久演唱权，谁让汪苏泷当年把这首歌给蓝蝶音乐呢 ，现在硬要收回版权，赔违约金就是了👍👍,0,2026-05-26,2026-05-29 17:59:37
QQ音乐,张碧晨版,666,汪苏泷最火的歌又不是这个😅😅而且是花千骨热度好吧，你家姐姐那会都算不上大咖，没张这首歌还有李某还有黄某，适合女声，歌好电视火换个优秀的女歌手一样火 | 这两天汪粉真的是让我大开眼界，好大一张脸。没有张碧晨你汪的年轮连400w都没有，花千骨制作方海选选的是张的版本哦～  没有张  汪连花千骨的锅底都沾不上哦  唱一次歌上一次热搜难听～汪粉慢慢享受啦  丝竹之乱耳,0,2026-05-26,2026-05-29 17:59:37
QQ音乐,张碧晨版,666,给你唱不收版权费不感恩还勾叫？她自己都说了感谢汪苏泷不收她版权费，这是她自己说的 | 头一次见到约首OST还要感恩的，他汪苏泷脸是有多大,0,2026-05-26,2026-05-29 17:59:37
QQ音乐,张碧晨版,666,这个歌本身写出来就适合女声 | 汪苏泷那版本超级难听,0,2026-05-26,2026-05-29 17:59:37
QQ音乐,张碧晨版,666,张碧晨最火的就这首，可是汪苏泷最火的不是这个啊😅汪苏泷歌单里面这个都排到后面了，后悔无期在线播放人数是这两倍 | 看看飙升榜还有收藏量，观众就是爱听张碧晨，你家哥哥就是不行😆,0,2026-05-26,2026-05-29 17:59:37
QQ音乐,张碧晨版,LSnly,汪苏泷唱年轮的时候她不知道在哪呢,0,2026-05-26,2026-05-29 17:59:37
QQ音乐,张碧晨版,🦥🦥🦥🦥🦥🦥🦥🦥🦥🦥🦥🦥🦥🦥🦥,是花千骨选择了张碧晨唱的年轮哈，汪汪队回家，找到wsl原唱证据了吗😹,11,2026-05-26,2026-05-29 17:59:37
QQ音乐,张碧晨版,收敛.,远离背刺姐 谁沾上谁倒霉😅,0,2026-05-26,2026-05-29 17:59:37
QQ音乐,张碧晨版,收敛.,张杜鹃继续偷偷摸摸一辈子吧 | 杜鹃这称号还是给汪比较合适,1,2026-05-26,2026-05-29 17:59:37
QQ音乐,张碧晨版,Lee,可是 她不唱的话我也不会去听他的版本啊,0,2026-05-25,2026-05-29 17:59:37
QQ音乐,张碧晨版,西柚味,但是唱的都好听,0,2026-05-25,2026-05-29 17:59:37
QQ音乐,张碧晨版,forevermore,杜鹃这称号还是给汪比较合适 | 可惜了 张杜鹃唱不了喽,5,2026-05-25,2026-05-29 17:59:37
QQ音乐,张碧晨版,小张一丁点可爱,结果连自己家演唱会唱的版本的调调都是女版的调调，太招笑啦，汪杜鹃拉都拉不回来😂,2,2026-05-25,2026-05-29 17:59:37
QQ音乐,张碧晨版,收敛.,可惜了 张杜鹃唱不了喽,7,2026-05-24,2026-05-29 17:59:37
QQ音乐,张碧晨版,茉莉不渡,听吐了,0,2026-05-24,2026-05-29 17:59:37
QQ音乐,张碧晨版,元宝,"《年轮》是《花千骨》电视剧的经典插曲，汪苏泷研读原著后量身打造的中国风作品。张碧晨用极具叙事感的嗓音，将""有缘却无分""的遗憾唱得入骨，副歌""密密麻麻是我的自尊""道尽青春里的倔强与心酸。1500万人收藏的旋律，总在某个深夜轻轻叩响回忆。",0,2026-05-24,2026-05-29 17:59:37
QQ音乐,张碧晨版,千祥云集,原唱歌手也参与了关键部分的创作，作为一个音乐消费者，我希望最终的商演版权由原唱歌手拿着，因为如果由资本或者原创者拿着的话，我也许再也不能听到原唱了，他们真的会做出去除原唱，污染我的耳朵的事情 | 人也没说错吧 你倒是让张杜鹃唱啊,2,2026-05-24,2026-05-29 17:59:37
QQ音乐,张碧晨版,千祥云集,现在热度降下来了，路人退场了，汪杜鹃粉丝又想春秋笔法岁月史书了。引导自己粉丝网暴，收回版权，张碧晨方才回应为唯一原唱。玩音乐的都知道，原唱这玩意就是谁先唱是谁的，汪这么做我们内会群里都炸了 | 张杜鹃唯一不能唱,5,2026-05-24,2026-05-29 17:59:37
QQ音乐,张碧晨版,千祥云集,"作为已经不听 国语歌的人 吃瓜纯乐子人
他不是一次两次 抢原唱了 挺掉路人缘的
我听歌的年代 罗大佑 伍佰 李宗盛 经常给其他人写歌 然后自己也唱 就是两个版本 歌迷爱听那个版本就听那个版本呗 谁也没挣过谁原唱",6,2026-05-24,2026-05-29 17:59:37
QQ音乐,张碧晨版,千祥云集,又不是所有歌手都是创作型歌手，vocal歌手也很多啊。以前的天王巨星大多数也不是创作型歌手，你可以每一个都去反驳啊,2,2026-05-24,2026-05-29 17:59:37
QQ音乐,张碧晨版,嗖啪,按你的三观，劳荣枝和吴亦凡也好可怜,0,2026-05-24,2026-05-29 17:59:37
QQ音乐,张碧晨版,收敛.,那你让张杜鹃把唯一原唱抢回来 让她唱呗,0,2026-05-24,2026-05-29 17:59:37
QQ音乐,张碧晨版,收敛.,你又隔这造💊了呗 | 而且花千骨里面根本就没男版，他粉丝已经开始造谣改记忆了，说花千骨里有男生唱的😂😂😂,0,2026-05-24,2026-05-29 17:59:37
QQ音乐,张碧晨版,收敛.,当时说过 但是去剧里搜了没有 就否认了好吧 | 而且花千骨里面根本就没男版，他粉丝已经开始造谣改记忆了，说花千骨里有男生唱的😂😂😂,0,2026-05-24,2026-05-29 17:59:37
QQ音乐,张碧晨版,收敛.,还有什么叫自己唱一版分一杯羹 男版翻唱9天后张杜鹃版本的呗 真厉害👍👍👍 时间线都搞不清楚 就在这bb￼,0,2026-05-24,2026-05-29 17:59:37
QQ音乐,张碧晨版,收敛.,唱歌不好听的演唱会开一百多场 路人都眼🦐呗 就你最聪明了 下次张杜鹃开live house一定要买票支持呀,0,2026-05-24,2026-05-29 17:59:37
QQ音乐,张碧晨版,收敛.,对啊 唱歌这么好听张杜鹃演唱会万人嫌 观都开不起来,0,2026-05-24,2026-05-29 17:59:37
QQ音乐,张碧晨版,收敛.,笑死我了 张杜鹃敢否认人家原创吗 🤣 没否认创作能力就要感恩戴德？？？,0,2026-05-24,2026-05-29 17:59:37
QQ音乐,张碧晨版,收敛.,人也没说错吧 你倒是让张杜鹃唱啊 | 乐子😆,1,2026-05-24,2026-05-29 17:59:37
QQ音乐,张碧晨版,收敛.,张杜鹃唯一不能唱,1,2026-05-24,2026-05-29 17:59:37
QQ音乐,张碧晨版,收敛.,可怜必有可恨之处,6,2026-05-24,2026-05-29 17:59:37
QQ音乐,张碧晨版,910_diamond_晨♬ ,招笑，好尴尬呀，0人在意,4,2026-05-23,2026-05-29 17:59:37
QQ音乐,张碧晨版,。,综艺歌手，汪苏泷和华晨宇是原唱歌手 | 张碧晨一个业余翻唱者，也配叫歌手？,0,2026-05-23,2026-05-29 17:59:37
QQ音乐,张碧晨版,1点点,大人，十专转净网杀招，好像快坚持不住了，解封有望啊。,0,2026-05-23,2026-05-29 17:59:37
QQ音乐,张碧晨版,小啾啾,而且花千骨里面根本就没男版，他粉丝已经开始造谣改记忆了，说花千骨里有男生唱的😂😂😂,5,2026-05-22,2026-05-29 17:59:37
QQ音乐,张碧晨版,以诗忆梦,个人比较喜欢这首歌而已 | 你到底有什么没忘的人啊？听这么久啊,0,2026-05-22,2026-05-29 17:59:37
QQ音乐,张碧晨版,零碎小然.,2026年3月15日晚 止步于火神杯32强的均昊 一边听着《 年轮 》一边打高分段位赛此时距离他拿下浮夸杯冠军还有17天 | 我靠你也看均昊,0,2026-05-22,2026-05-29 17:59:37
QQ音乐,张碧晨版,零碎小然.,唉盖哥 | 我靠你也看均昊,0,2026-05-22,2026-05-29 17:59:37
QQ音乐,张碧晨版,詞海.,你到底有什么没忘的人啊？听这么久啊,0,2026-05-22,2026-05-29 17:59:37
QQ音乐,张碧晨版,長島花茶,乐子😆,14,2026-05-22,2026-05-29 17:59:37
QQ音乐,张碧晨版,Hermes,没有,0,2026-05-21,2026-05-29 17:59:37
QQ音乐,张碧晨版,Gloriasooyaaa,😅唱功归唱功 歌曲归歌曲 但是张碧晨确实适合唱这种古风的OST 只能说大众的受众在这儿 | 看看飙升榜还有收藏量，观众就是爱听张碧晨，你家哥哥就是不行😆,0,2026-05-21,2026-05-29 17:59:37
QQ音乐,张碧晨版,卡布叻_大猫,纯招笑,0,2026-05-21,2026-05-29 17:59:37
QQ音乐,张碧晨版,🦥🦥🦥🦥🦥🦥🦥🦥🦥🦥🦥🦥🦥🦥🦥,汪汪队请不要到处咬咬 | 张杜鹃请不要到处偷偷,4,2026-05-21,2026-05-29 17:59:37
QQ音乐,张碧晨版,收敛.,张杜鹃请不要到处偷偷,0,2026-05-21,2026-05-29 17:59:37
QQ音乐,张碧晨版,poppiya（见过汪苏泷版,小姐姐我看你主页唯一关注是汪苏泷呀💓 | 其他歌曲都收回来，又不是第一次这么干了,0,2026-05-21,2026-05-29 17:59:37
QQ音乐,张碧晨版,poppiya（见过汪苏泷版,大姐姐你懂什么叫收吗🍼 | 其他歌曲都收回来，又不是第一次这么干了,0,2026-05-21,2026-05-29 17:59:37
QQ音乐,张碧晨版,幻想,喜欢听和喜欢又不太一样了 | 除了他的粉丝，谁会喜欢男生版？,0,2026-05-21,2026-05-29 17:59:37
QQ音乐,张碧晨版,深冬,汪苏泷方说某网红，收回所有版权，人张碧晨当时可是一句话没说，版权就被收回去了，是，他是有版权，但是张碧晨干啥了，啥也没干吧，就把人家的版权收回来了，自己想想，要是你，你会咋干 | 偷换概念,1,2026-05-21,2026-05-29 17:59:37
QQ音乐,张碧晨版,深冬,除了他的粉丝，谁会喜欢男生版？,2,2026-05-21,2026-05-29 17:59:37
QQ音乐,张碧晨版,深冬,其他歌曲都收回来，又不是第一次这么干了 | 唱火了汪苏泷要是想收早就收回来了  别搞笑了行不行  跪下来跟汪苏泷说谢谢了吗,0,2026-05-21,2026-05-29 17:59:37
QQ音乐,张碧晨版,深冬,张碧晨从来没有抢他的版权和否定他的制作，眼睛不好麻烦捐了 | 唱一首歌，歌就成她的了？,0,2026-05-21,2026-05-29 17:59:37
QQ音乐,张碧晨版,浅淡,盖哥老了,0,2026-05-20,2026-05-29 17:59:37
QQ音乐,张碧晨版,浅淡,我靠你也看均昊,0,2026-05-20,2026-05-29 17:59:37
QQ音乐,张碧晨版,浅淡,我靠 你也看盖哥,0,2026-05-20,2026-05-29 17:59:37
QQ音乐,张碧晨版,🦥🦥🦥🦥🦥🦥🦥🦥🦥🦥🦥🦥🦥🦥🦥, | 对对对 男版翻唱9天后的张杜鹃版本👍,2,2026-05-20,2026-05-29 17:59:37
QQ音乐,张碧晨版,收敛.,对对对 男版翻唱9天后的张杜鹃版本👍,2,2026-05-20,2026-05-29 17:59:37
QQ音乐,张碧晨版,幻想,很正常,0,2026-05-20,2026-05-29 17:59:37
QQ音乐,张碧晨版,幻想,很正常的事，没必要讲,3,2026-05-20,2026-05-29 17:59:37
QQ音乐,张碧晨版,幻想,唯一首唱,0,2026-05-20,2026-05-29 17:59:37
QQ音乐,张碧晨版,收敛.,女版确实好听啊 好听就代表她做的那些ex事都是对的？ | 多唱了一年也没见收藏量涨多少啊？我泷哥这么占理，最直白的支持方式怎么没见多少人来支持？,0,2026-05-19,2026-05-29 17:59:37
QQ音乐,张碧晨版,收敛.,出事的时候男版半个月涨50w 张杜鹃好像半年才100w吧 | 多唱了一年也没见收藏量涨多少啊？我泷哥这么占理，最直白的支持方式怎么没见多少人来支持？,0,2026-05-19,2026-05-29 17:59:37
QQ音乐,张碧晨版,收敛.,那我能不能也说韩红吊打十个赵丽颖呢🥹 | 该评论已经被删除,0,2026-05-19,2026-05-29 17:59:37
QQ音乐,张碧晨版,收敛.,怎么不敢回复了呀 韩红就一首百万收藏 所以张杜鹃咖位比韩红大 你说对不对呢 | 该评论已经被删除,0,2026-05-19,2026-05-29 17:59:37
QQ音乐,张碧晨版,收敛.,张杜鹃没偷孩子呗 碧水深谭假的呗 | 还有，你说张碧晨的那些事情，证据呢，早澄清几百年前的事情了，还要拿到今天来讲，谁是杜鹃谁干的那些事情你是不知道吗？,0,2026-05-19,2026-05-29 17:59:37
QQ音乐,张碧晨版,收敛.,喜欢张杜鹃也是没谁了 多学学人家的美德哈 响应国家号召 多生点孩子 | 隐私用户也是没谁了,0,2026-05-19,2026-05-29 17:59:37
QQ音乐,张碧晨版,收敛.,哦哦 那wsl朋友不出来说话就是没朋友 张杜鹃朋友不出来说话就是怕被造💊 就这么双标呗 | 她要是出来说句话，你们不又要去造赵丽颖的谣言了，这些年你们造的谣言很少吗？,0,2026-05-19,2026-05-29 17:59:37
QQ音乐,张碧晨版,收敛.,张杜鹃50场都凑不出来吧 尴尬不😂 | 容祖儿帮她又咋了，现在不还厚着脸皮和张碧晨参加一个节目,0,2026-05-19,2026-05-29 17:59:37
QQ音乐,张碧晨版,深冬,隐私用户也是没谁了 | 得了吧 谁还敢跟背刺姐小偷姐做朋友啊,0,2026-05-19,2026-05-29 17:59:37
QQ音乐,张碧晨版,深冬,她要是出来说句话，你们不又要去造赵丽颖的谣言了，这些年你们造的谣言很少吗？ | 得了吧 谁还敢跟背刺姐小偷姐做朋友啊,0,2026-05-19,2026-05-29 17:59:37
QQ音乐,张碧晨版,深冬,自己去看看吧，眼睛不用可以捐了 | 得了吧 谁还敢跟背刺姐小偷姐做朋友啊,0,2026-05-19,2026-05-29 17:59:37
QQ音乐,张碧晨版,收敛.,只是举个例子呀 又不止一个容祖儿 请问张杜鹃的好朋友在哪里🧐 | 微博之夜，谁没素质我不讲,0,2026-05-19,2026-05-29 17:59:37
QQ音乐,张碧晨版,深冬,她要是天后着世上就没天后了，容祖儿天后都来了，能进入大众的歌曲有几首 | 你牛逼嘞 人家天后 厚着脸皮跟小偷姐参加同一个节目,0,2026-05-19,2026-05-29 17:59:37
QQ音乐,张碧晨版,收敛.,那咋了 人家就是咖位大呀 韩红也是啊 一首千万收藏好像 你敢说张杜鹃咖位比韩红大？ | 呵呵，真好多了就好了，有几首千万收藏啊，好像就一首吧,0,2026-05-19,2026-05-29 17:59:37
QQ音乐,张碧晨版,收敛.,嗯嗯 你当个宝的赵丽颖 为什么不出来说话呢 | 呵呵，真好多了就好了，有几首千万收藏啊，好像就一首吧,0,2026-05-19,2026-05-29 17:59:37
QQ音乐,张碧晨版,深冬,微博之夜，谁没素质我不讲 | 得了吧 谁还敢跟背刺姐小偷姐做朋友啊,0,2026-05-19,2026-05-29 17:59:37
QQ音乐,张碧晨版,收敛.,人家演唱会几百场 张杜鹃在？？？ | 而且容祖儿那素质，也就那样了，容祖儿的素质，微博之夜，一起在上面领奖，别人在前面发言，自己在那里找周深聊天，素质差成啥样啊,0,2026-05-19,2026-05-29 17:59:37
QQ音乐,张碧晨版,深冬,容祖儿，算了吧，也就你当个宝 | 得了吧 谁还敢跟背刺姐小偷姐做朋友啊,0,2026-05-19,2026-05-29 17:59:37
QQ音乐,张碧晨版,深冬,呵呵，真好多了就好了，有几首千万收藏啊，好像就一首吧 | 得了吧 谁还敢跟背刺姐小偷姐做朋友啊,0,2026-05-19,2026-05-29 17:59:37
QQ音乐,张碧晨版,收敛.,微博之夜人家第一排 张杜鹃在？？？ | 而且容祖儿那素质，也就那样了，容祖儿的素质，微博之夜，一起在上面领奖，别人在前面发言，自己在那里找周深聊天，素质差成啥样啊,0,2026-05-19,2026-05-29 17:59:37
QQ音乐,张碧晨版,收敛.,人家咖位就是比你家张杜鹃大呀 | 而且容祖儿那素质，也就那样了，容祖儿的素质，微博之夜，一起在上面领奖，别人在前面发言，自己在那里找周深聊天，素质差成啥样啊,0,2026-05-19,2026-05-29 17:59:37
QQ音乐,张碧晨版,收敛.,看看容祖儿实绩好吗 吊打张杜鹃。。。 | 容祖儿帮她又咋了，现在不还厚着脸皮和张碧晨参加一个节目,0,2026-05-19,2026-05-29 17:59:37
QQ音乐,张碧晨版,深冬,真的是搞笑嘞 | 得了吧 谁还敢跟背刺姐小偷姐做朋友啊,0,2026-05-19,2026-05-29 17:59:37
QQ音乐,张碧晨版,深冬,还有，你说张碧晨的那些事情，证据呢，早澄清几百年前的事情了，还要拿到今天来讲，谁是杜鹃谁干的那些事情你是不知道吗？ | 得了吧 谁还敢跟背刺姐小偷姐做朋友啊,0,2026-05-19,2026-05-29 17:59:37
QQ音乐,张碧晨版,收敛.,艾玛 够双标的 赵丽颖不帮张杜鹃说话 就还是好朋友 容祖儿帮说话 就不认👍👍👍 | 容祖儿帮她又咋了，现在不还厚着脸皮和张碧晨参加一个节目,0,2026-05-19,2026-05-29 17:59:37
QQ音乐,张碧晨版,深冬,而且容祖儿那素质，也就那样了，容祖儿的素质，微博之夜，一起在上面领奖，别人在前面发言，自己在那里找周深聊天，素质差成啥样啊 | 得了吧 谁还敢跟背刺姐小偷姐做朋友啊,0,2026-05-19,2026-05-29 17:59:37
QQ音乐,张碧晨版,收敛.,你牛逼嘞 人家天后 厚着脸皮跟小偷姐参加同一个节目 | 算什么朋友😡😡😡赶紧出来帮张小偷说话呀！！！,0,2026-05-19,2026-05-29 17:59:37
QQ音乐,张碧晨版,深冬,容祖儿帮她又咋了，现在不还厚着脸皮和张碧晨参加一个节目 | 得了吧 谁还敢跟背刺姐小偷姐做朋友啊,0,2026-05-19,2026-05-29 17:59:37
QQ音乐,张碧晨版,小狗困呼呼^,那你评论干什么？ | 笑死了 谁听啊😀,0,2026-05-19,2026-05-29 17:59:37
QQ音乐,张碧晨版,可我总是发呆,死在了一把又一把的三角洲里,0,2026-05-19,2026-05-29 17:59:37
QQ音乐,张碧晨版,我套你猴子,偷换概念,1,2026-05-19,2026-05-29 17:59:37
QQ音乐,张碧晨版,光,有可能是男生，不是男声 | 男声版吗？,0,2026-05-19,2026-05-29 17:59:37
QQ音乐,张碧晨版,光,多唱了一年也没见收藏量涨多少啊？我泷哥这么占理，最直白的支持方式怎么没见多少人来支持？ | 杜鹃唱一辈子也不是原唱咯，张碧晨唱不唱都是唯一原唱😘,0,2026-05-19,2026-05-29 17:59:37
QQ音乐,张碧晨版,光,你这么想，但总有人不这么想。,0,2026-05-19,2026-05-29 17:59:37
QQ音乐,张碧晨版,幻想,男声版吗？,0,2026-05-19,2026-05-29 17:59:37
QQ音乐,张碧晨版,幻想,《笼》《光的方向》《只要平凡》😂😂😂 | 除了年轮没火的了,0,2026-05-19,2026-05-29 17:59:37
QQ音乐,张碧晨版,扶幽,除了年轮没火的了 | 多了去，汪苏泷写的就三首，剩下你自己看看多少火的😂,1,2026-05-19,2026-05-29 17:59:37
QQ音乐,张碧晨版,Chen,进来就是来找仙尊的,0,2026-05-19,2026-05-29 17:59:37
QQ音乐,张碧晨版,evermore,张碧晨很多火的歌啊，人家又不差这一首,1,2026-05-18,2026-05-29 17:59:37
QQ音乐,张碧晨版,小熊饼干,落魄谷中寒风吹，春秋蝉鸣少年归。\n荡魂山处石人泪，定仙游走魔向北。\n逆流河上万仙退，爱情不敌坚持泪。\n宿命天成命中败，仙尊悔而我不悔。,0,2026-05-18,2026-05-29 17:59:37
QQ音乐,张碧晨版,好甜,他们两个原创吵起来了呀 | 梦里下架,0,2026-05-18,2026-05-29 17:59:37
QQ音乐,张碧晨版,幻想,多了去，汪苏泷写的就三首，剩下你自己看看多少火的😂 | 难道说还有别的歌吗,0,2026-05-18,2026-05-29 17:59:37
QQ音乐,张碧晨版,扶幽,难道说还有别的歌吗 | 串得不像，真以为张碧晨没有汪苏泷写的歌没能拿得出手的了？,0,2026-05-17,2026-05-29 17:59:37
QQ音乐,张碧晨版,一诺价千山,百听不厌，苏泷永远是唯一原唱！,4,2026-05-17,2026-05-29 17:59:37
QQ音乐,张碧晨版,收敛.,偷的事多着呢 偷孩子 偷🩲 偷唯一原唱,3,2026-05-17,2026-05-29 17:59:37
QQ音乐,张碧晨版,收敛.,又对号入座呢 说了偷什么了😧,3,2026-05-17,2026-05-29 17:59:37
QQ音乐,张碧晨版,幻想,说实话双方沟通都有问题，就不应该没沟通好就发布声明，应该加一句“与另一方沟通无果，遂发布此声明”,1,2026-05-17,2026-05-29 17:59:37
QQ音乐,张碧晨版,🦥🦥🦥🦥🦥🦥🦥🦥🦥🦥🦥🦥🦥🦥🦥,汪汪队 请不要到处乱叫,17,2026-05-17,2026-05-29 17:59:37
QQ音乐,张碧晨版,收敛.,算什么朋友😡😡😡赶紧出来帮张小偷说话呀！！！ | 也没见汪苏泷朋友出来啊,0,2026-05-17,2026-05-29 17:59:37
QQ音乐,张碧晨版,收敛.,容祖儿给wsl说话了 那张小偷的朋友在？？？朋友有难 张小偷朋友躲后头呢 | 也没见汪苏泷朋友出来啊,0,2026-05-17,2026-05-29 17:59:37
QQ音乐,张碧晨版,收敛.,那你比什么 赵丽颖又没出来 招笑呢 | 他干的那些事，谁还敢和他做朋友，连续四次这样干，别人唱火，就收回版权,0,2026-05-17,2026-05-29 17:59:37
QQ音乐,张碧晨版,收敛.,那你比什么 赵丽颖又没出来发声 比个der | 他干的那些事，谁还敢和他做朋友，连续四次这样干，别人唱火，就收回版权,0,2026-05-17,2026-05-29 17:59:37
QQ音乐,张碧晨版,收敛.,不好意思哦 多的是有人求汪苏泷写歌 alin和杨千嬅都有哈 | 他干的那些事，谁还敢和他做朋友，连续四次这样干，别人唱火，就收回版权,0,2026-05-17,2026-05-29 17:59:37
QQ音乐,张碧晨版,收敛.,爱听谁的听谁的呗,0,2026-05-17,2026-05-29 17:59:37
QQ音乐,张碧晨版,深冬,他干的那些事，谁还敢和他做朋友，连续四次这样干，别人唱火，就收回版权 | 那赶紧让众多大咖朋友帮背刺姐发声呀 朋友有难 那不赶紧帮忙☺,0,2026-05-17,2026-05-29 17:59:37
QQ音乐,张碧晨版,深冬,也没见汪苏泷朋友出来啊 | 那赶紧让众多大咖朋友帮背刺姐发声呀 朋友有难 那不赶紧帮忙☺,0,2026-05-17,2026-05-29 17:59:37
QQ音乐,张碧晨版,收敛.,双原唱。。。,0,2026-05-17,2026-05-29 17:59:37
QQ音乐,张碧晨版,收敛.,好朋友怎么在朋友有难的时候 躲躲藏藏呢 赶紧出来支持呀😄 | 自己看看吧，人朋友多着呢，光一个赵丽颖，十个汪苏泷都比不了,1,2026-05-17,2026-05-29 17:59:37
QQ音乐,张碧晨版,收敛.,那赶紧让众多大咖朋友帮背刺姐发声呀 看看实力 怎么躲躲藏藏的☺ | 自己看看吧，人朋友多着呢，光一个赵丽颖，十个汪苏泷都比不了,0,2026-05-17,2026-05-29 17:59:37
QQ音乐,张碧晨版,收敛.,那赶紧让众多大咖朋友帮背刺姐发声呀 朋友有难 那不赶紧帮忙☺ | 自己看看吧，人朋友多着呢，光一个赵丽颖，十个汪苏泷都比不了,1,2026-05-17,2026-05-29 17:59:37
QQ音乐,张碧晨版,幻想,本来就是,0,2026-05-17,2026-05-29 17:59:37
QQ音乐,张碧晨版,幻想,客观说是这样，主观说当然是张碧晨唱歌技术好，我认为楼主肯定是知道的 | 听了114遍得出的结论吗,0,2026-05-17,2026-05-29 17:59:37
QQ音乐,张碧晨版,Via,听了114遍得出的结论吗 | 因为《花千骨》剧火，并且当时汪苏泷版没什么过多宣传，大众先听到的都是这个版本,0,2026-05-16,2026-05-29 17:59:37
QQ音乐,张碧晨版,落，山,什么样的人，什么样的粉丝，满天的小马在飞，认领一下,1,2026-05-16,2026-05-29 17:59:37
QQ音乐,张碧晨版,行不庚名,"千古地仙随风逝，昔日三王归青冢
阳莽憾陨谁无败，卷土重来再称王
天河一挂淘龙鱼，逆天独行顾八荒
今日暂且展翼去，明朝登仙答凤凰",0,2026-05-16,2026-05-29 17:59:37
QQ音乐,张碧晨版,🦥🦥🦥🦥🦥🦥🦥🦥🦥🦥🦥🦥🦥🦥🦥,不存在你在这叽歪什么呢？何意味？不管是双原唱还是唯一原唱争议始终在于wsl是否是原唱，谁家在意这个原唱，好难猜啊 | 连原唱这种东西在法律层面上压根不存在的的东西 那还说什么了😂,0,2026-05-16,2026-05-29 17:59:37
QQ音乐,张碧晨版,竭尽所能上课,连原唱这种东西在法律层面上压根不存在的的东西 那还说什么了😂 | 你连原唱原创都分不清那还说什么了😂,0,2026-05-16,2026-05-29 17:59:37
QQ音乐,张碧晨版,幻想,大概是的，因为你给我泷哥招黑（嗯对） | ？你意思是我是zbc粉丝是吗大哥大姐,0,2026-05-16,2026-05-29 17:59:37
QQ音乐,张碧晨版,和张碧晨粉丝讲道理像给猪开智,？你意思是我是zbc粉丝是吗大哥大姐 | 看清了，串得确实不像,0,2026-05-16,2026-05-29 17:59:37
QQ音乐,张碧晨版,幻想,看清了，串得确实不像 | ？我串啥了…你是不是没看清我说的,0,2026-05-16,2026-05-29 17:59:37
QQ音乐,张碧晨版,和张碧晨粉丝讲道理像给猪开智,？我串啥了…你是不是没看清我说的 | 串得不像，真以为张碧晨没有汪苏泷写的歌没能拿得出手的了？,0,2026-05-16,2026-05-29 17:59:37
QQ音乐,张碧晨版,🦥🦥🦥🦥🦥🦥🦥🦥🦥🦥🦥🦥🦥🦥🦥,谁先收回授权谁先挑事自己心里不清楚吗？谁家把张碧晨年轮的收藏量放在自己实绩图上啊😹谁缺年轮我不说，张碧晨六首千万收藏在内地女歌手千万收藏top1很想你，哦年轮确实是张碧晨不想唱了，包括梦幻诛仙和下一秒都没再唱过哦，鹃丝少给鹃子贴金了，0个人想唱哈,1,2026-05-16,2026-05-29 17:59:37
QQ音乐,张碧晨版,幻想,串得不像，最后发个自己的脸啥意思？,4,2026-05-16,2026-05-29 17:59:37
QQ音乐,张碧晨版,Shdu,举报就行。,0,2026-05-16,2026-05-29 17:59:37
QQ音乐,张碧晨版,幻想,串得不像，真以为张碧晨没有汪苏泷写的歌没能拿得出手的了？,0,2026-05-16,2026-05-29 17:59:37
QQ音乐,张碧晨版,幻想,串得不像，真以为张碧晨没有汪苏泷写的歌没能拿得出手的了？ | 汪苏泷给张碧晨个面子没下架，毕竟汪苏泷不缺热歌，张碧晨离了年轮基本查无此人了,0,2026-05-16,2026-05-29 17:59:37
QQ音乐,张碧晨版,幻想,几倍认真的吗？ | 那我也只知道不管是实时收听，还是播放量，还是收藏量，都是汪苏泷的几倍,0,2026-05-16,2026-05-29 17:59:37
QQ音乐,张碧晨版,幻想,因为《花千骨》剧火，并且当时汪苏泷版没什么过多宣传，大众先听到的都是这个版本,1,2026-05-16,2026-05-29 17:59:37
QQ音乐,张碧晨版,🦥🦥🦥🦥🦥🦥🦥🦥🦥🦥🦥🦥🦥🦥🦥,快让你鹃下架去😂你问问他付不付得起平台的违约金😂没有张碧晨唱年轮你鹃现在还查无此人呢，不知道在哪打工还债打官司呢😂 | 汪苏泷给张碧晨个面子没下架，毕竟汪苏泷不缺热歌，张碧晨离了年轮基本查无此人了,7,2026-05-15,2026-05-29 17:59:37
QQ音乐,张碧晨版,🦥🦥🦥🦥🦥🦥🦥🦥🦥🦥🦥🦥🦥🦥🦥,你连原唱原创都分不清那还说什么了😂 | 你都让原创加原创的人自证是原唱了那还说什么呢,1,2026-05-15,2026-05-29 17:59:37
QQ音乐,张碧晨版,竭尽所能上课,你都让原创加原创的人自证是原唱了那还说什么呢 | 他写不写跟原唱有什么关系吗？有人否认是他写的吗？为何八个月了 wsl原唱证据依旧为0？为何wsl老板所说的邮件八个月了还没找到？不管是双原唱还是唯一原唱争议在于wsl是否是原唱，wsl拿不出原唱证据张碧晨就是唯一原唱,0,2026-05-15,2026-05-29 17:59:37
QQ音乐,张碧晨版,扶幽,汪苏泷给张碧晨个面子没下架，毕竟汪苏泷不缺热歌，张碧晨离了年轮基本查无此人了 | 那我也只知道不管是实时收听，还是播放量，还是收藏量，都是汪苏泷的几倍,2,2026-05-15,2026-05-29 17:59:37
QQ音乐,张碧晨版,深冬,自己看看吧，人朋友多着呢，光一个赵丽颖，十个汪苏泷都比不了 | 得了吧 谁还敢跟背刺姐小偷姐做朋友啊,0,2026-05-15,2026-05-29 17:59:37
QQ音乐,张碧晨版,深冬,你要是路人那就好了 | 我一个路人都看不下去了双原唱就双原唱呗,0,2026-05-15,2026-05-29 17:59:37
QQ音乐,张碧晨版,深冬,谁唱的好听听谁的呗,2,2026-05-15,2026-05-29 17:59:37
QQ音乐,张碧晨版,深冬,那我也只知道不管是实时收听，还是播放量，还是收藏量，都是汪苏泷的几倍 | 什么张碧晨，我只看见词曲汪苏泷,3,2026-05-15,2026-05-29 17:59:37
QQ音乐,张碧晨版,偏愛0318,？刷评论，你看我刷到啥了。,0,2026-05-15,2026-05-29 17:59:37
QQ音乐,张碧晨版,The blue,"落魄谷中寒风吹，春秋蝉鸣少年归。
荡魂山处石人泪，定仙游走魔向北。
逆流河上万仙退，爱情不敌坚持泪。
宿命天成命中败，仙尊悔而我不悔！",0,2026-05-15,2026-05-29 17:59:37
QQ音乐,张碧晨版,扶幽,什么张碧晨，我只看见词曲汪苏泷,2,2026-05-15,2026-05-29 17:59:37
QQ音乐,张碧晨版,驰之以蘅,不不不，小说写的很好 | 还好读的是小说，要是前前后后看上两三遍电视剧，估计苏泷能疯,0,2026-05-14,2026-05-29 17:59:37
QQ音乐,张碧晨版,江绪,锅盖头就是个东子😂😂😹,0,2026-05-14,2026-05-29 17:59:37
QQ音乐,张碧晨版,🦥🦥🦥🦥🦥🦥🦥🦥🦥🦥🦥🦥🦥🦥🦥,唱不唱跟原唱有什么关系吗？年轮事件至始至终都在围绕原唱，张碧晨唱不唱都是唯一原唱，wsl唱一辈子也不是原唱哈哈 | 版权回收了以后，也不能唱了哈哈哈哈,0,2026-05-14,2026-05-29 17:59:37
QQ音乐,张碧晨版,宠友圈宠物生活馆,版权回收了以后，也不能唱了哈哈哈哈 | 剧方对男版完全不知情哦 [图片],0,2026-05-14,2026-05-29 17:59:37
QQ音乐,张碧晨版,轩乐,晚安，盖尊,0,2026-05-14,2026-05-29 17:59:37
QQ音乐,张碧晨版,池鱼,你是张碧晨的黑粉吧？我姐没来揍你哈，张碧晨唱的年轮确实是最好听的，但没必要去争这个原唱。伤感情,0,2026-05-14,2026-05-29 17:59:37
QQ音乐,张碧晨版,池鱼,张碧晨的年轮确实是最好听的，但是这首歌不是她的原创，就不要争啥原创呀。姐姐你糊涂啊!!!!!!!,0,2026-05-14,2026-05-29 17:59:37
QQ音乐,张碧晨版,池鱼,张碧晨的年轮确实是最好听的，但是这首歌不是她的原创，就不要争啥原创呀。姐姐你糊涂呀!!!!!!!,0,2026-05-14,2026-05-29 17:59:37
QQ音乐,张碧晨版,🦥🦥🦥🦥🦥🦥🦥🦥🦥🦥🦥🦥🦥🦥🦥,杜鹃唱一辈子也不是原唱咯，张碧晨唱不唱都是唯一原唱😘,12,2026-05-13,2026-05-29 17:59:37
QQ音乐,张碧晨版,最爱疯狂幻想,盖哥已经被打傻了😭,0,2026-05-12,2026-05-29 17:59:37
QQ音乐,张碧晨版,stop,顺序搞反了，先收回版权后，张工作室才发 | 不是张碧晨工作室标的张是唯一原唱才被收回的吗？吃瓜只吃一半？到底谁格局小？,0,2026-05-11,2026-05-29 17:59:37
QQ音乐,张碧晨版,唱跳都不打篮球,豪到我了,0,2026-05-11,2026-05-29 17:59:37
QQ音乐,张碧晨版,阿碧,张碧晨也唱不出汪苏泷的感觉,0,2026-05-10,2026-05-29 17:59:37
QQ音乐,张碧晨版,🦥🦥🦥🦥🦥🦥🦥🦥🦥🦥🦥🦥🦥🦥🦥,而且也没人否认不是他生的（也就是原创）只是说孩子不是他养的（原唱）少来偷换概念喽 | 你生了孩子，需要向别人证明是你生的吗？,0,2026-05-10,2026-05-29 17:59:37
QQ音乐,张碧晨版,🦥🦥🦥🦥🦥🦥🦥🦥🦥🦥🦥🦥🦥🦥🦥,你怎么憋了一晚上找不到你鹃原唱证据就蹦出来个这啊😹 | 你生了孩子，需要向别人证明是你生的吗？,0,2026-05-10,2026-05-29 17:59:37
QQ音乐,张碧晨版,Silence,你生了孩子，需要向别人证明是你生的吗？ | 鹃丝的当务之急是找到wsl原唱证据，并让李3把所谓邮件发出来呀😽你家399的高会买了吗？,0,2026-05-10,2026-05-29 17:59:37
QQ音乐,张碧晨版,🦥🦥🦥🦥🦥🦥🦥🦥🦥🦥🦥🦥🦥🦥🦥,哪有你管的多啊是吧，管东管西怎么还是找不到鹃鹃的原唱证据呀😹😹😹 | 你别管这么多了哈,0,2026-05-09,2026-05-29 17:59:37
QQ音乐,张碧晨版,Silence,别管别人了哈，生孩子容易老，操心也容易老，快别操心了，没事多写歌 | 毕竟最近连一个工作都没了，你快去可怜可怜他吧😹,0,2026-05-09,2026-05-29 17:59:37
QQ音乐,张碧晨版,Silence,你别管这么多了哈 | 记得去给你可怜的猾猾送钱呦😽😽,0,2026-05-09,2026-05-29 17:59:37
QQ音乐,张碧晨版,🦥🦥🦥🦥🦥🦥🦥🦥🦥🦥🦥🦥🦥🦥🦥,毕竟最近连一个工作都没了，你快去可怜可怜他吧😹 | 该评论已经被删除,0,2026-05-09,2026-05-29 17:59:37
QQ音乐,张碧晨版,🦥🦥🦥🦥🦥🦥🦥🦥🦥🦥🦥🦥🦥🦥🦥,记得去给你可怜的猾猾送钱呦😽😽 | 该评论已经被删除,0,2026-05-09,2026-05-29 17:59:37
QQ音乐,张碧晨版,Silence,听话就行哈乖 | ,0,2026-05-09,2026-05-29 17:59:37
QQ音乐,张碧晨版,🦥🦥🦥🦥🦥🦥🦥🦥🦥🦥🦥🦥🦥🦥🦥, | 你在叫什么,0,2026-05-09,2026-05-29 17:59:37
QQ音乐,张碧晨版,Silence,别没事偷着生孩子哈乖 | 我逗汪汪队玩呢呀,0,2026-05-09,2026-05-29 17:59:37
QQ音乐,张碧晨版,Silence,嘿！闺女！上钩 | 我逗汪汪队玩呢呀,0,2026-05-09,2026-05-29 17:59:37
QQ音乐,张碧晨版,Silence,你在逗你妈妈，我在逗我闺女 | 我逗汪汪队玩呢呀,0,2026-05-09,2026-05-29 17:59:37
QQ音乐,张碧晨版,🦥🦥🦥🦥🦥🦥🦥🦥🦥🦥🦥🦥🦥🦥🦥,我逗汪汪队玩呢呀 | 你又在叫什么,0,2026-05-09,2026-05-29 17:59:37
QQ音乐,张碧晨版,Silence,被你笑晕,0,2026-05-09,2026-05-29 17:59:37
QQ音乐,张碧晨版,Silence,你又在叫什么,0,2026-05-09,2026-05-29 17:59:37
QQ音乐,张碧晨版,Silence,闲的没事写歌去，要个二胎 | 你可怜他给他送点钱呗跟我说干啥😂,0,2026-05-09,2026-05-29 17:59:37
QQ音乐,张碧晨版,Silence,你在跟我bb🤣 | 你可怜他给他送点钱呗跟我说干啥😂,0,2026-05-09,2026-05-29 17:59:37
QQ音乐,张碧晨版,Silence,我还以为是你的孩子呢 | 你可怜他给他送点钱呗跟我说干啥😂,0,2026-05-09,2026-05-29 17:59:37
QQ音乐,张碧晨版,Silence,是你说的幸福呀 | 你可怜他给他送点钱呗跟我说干啥😂,0,2026-05-09,2026-05-29 17:59:37
QQ音乐,张碧晨版,🦥🦥🦥🦥🦥🦥🦥🦥🦥🦥🦥🦥🦥🦥🦥,你可怜他给他送点钱呗跟我说干啥😂 | 你的孩子？你怎么知道幸福？花花太可怜了,1,2026-05-09,2026-05-29 17:59:37
QQ音乐,张碧晨版,Silence,可怜花花,0,2026-05-09,2026-05-29 17:59:37
QQ音乐,张碧晨版,Silence,你的孩子？你怎么知道幸福？花花太可怜了,0,2026-05-09,2026-05-29 17:59:37
QQ音乐,张碧晨版,Silence,幸福，可真是太幸福了🤣,0,2026-05-09,2026-05-29 17:59:37
QQ音乐,张碧晨版,Silence,你在叫什么,0,2026-05-09,2026-05-29 17:59:37
QQ音乐,张碧晨版,Silence,你再叫什么,0,2026-05-09,2026-05-29 17:59:37
QQ音乐,张碧晨版,🦥🦥🦥🦥🦥🦥🦥🦥🦥🦥🦥🦥🦥🦥🦥, | 呦呵，唱呗，不挺硬的吗，孩子都能生，一个歌怎么抢不过了,0,2026-05-09,2026-05-29 17:59:37
QQ音乐,张碧晨版,Silence,哎呀，那肯定不会偷着生，苦了孩子了 | 你喜欢的话让俊辰给杜鹃生好吧,0,2026-05-09,2026-05-29 17:59:37
QQ音乐,张碧晨版,🦥🦥🦥🦥🦥🦥🦥🦥🦥🦥🦥🦥🦥🦥🦥,你喜欢的话让俊辰给杜鹃生好吧 | 闲的没事再生个孩子吧,1,2026-05-09,2026-05-29 17:59:37
QQ音乐,张碧晨版,Silence,闲的没事再生个孩子吧 | 不唱是不想给杜鹃版权费不想给鹃子继续送钱懂了吗😹怎么你被人背刺还要继续给它送钱吗,0,2026-05-09,2026-05-29 17:59:37
QQ音乐,张碧晨版,Silence,呦呵，唱呗，不挺硬的吗，孩子都能生，一个歌怎么抢不过了 | 不唱是不想给杜鹃版权费不想给鹃子继续送钱懂了吗😹怎么你被人背刺还要继续给它送钱吗,0,2026-05-09,2026-05-29 17:59:37
QQ音乐,张碧晨版,🦥🦥🦥🦥🦥🦥🦥🦥🦥🦥🦥🦥🦥🦥🦥,不唱是不想给杜鹃版权费不想给鹃子继续送钱懂了吗😹怎么你被人背刺还要继续给它送钱吗 | 张碧晨说自己是唯一原唱吧，如果真的是，那怎么会不唱这首歌了呢，继续唱啊，还不是站不住脚,0,2026-05-09,2026-05-29 17:59:37
QQ音乐,张碧晨版,🦥🦥🦥🦥🦥🦥🦥🦥🦥🦥🦥🦥🦥🦥🦥, | 你是原唱去吧，是也唱不了😂,0,2026-05-09,2026-05-29 17:59:37
QQ音乐,张碧晨版,Silence,🤣一个歌手连一首歌都不能捍卫，不就是吃别人吃过的馒头吗,0,2026-05-09,2026-05-29 17:59:37
QQ音乐,张碧晨版,Silence,张碧晨说自己是唯一原唱吧，如果真的是，那怎么会不唱这首歌了呢，继续唱啊，还不是站不住脚,0,2026-05-09,2026-05-29 17:59:37
QQ音乐,张碧晨版,Silence,问候你的话都是，祝福你的话都是 | 叽里咕噜说啥呢😹😹全被吞了，文明用语哦～,0,2026-05-09,2026-05-29 17:59:37
QQ音乐,张碧晨版,Silence,那肯定的啊，原唱不能唱🤣真有意思 | 哦唱不唱都是唯一原唱哦，这是事件的争议是原唱，不是谁想唱哦，在那拿唱与不唱精神胜利啥😂,0,2026-05-09,2026-05-29 17:59:37
QQ音乐,张碧晨版,Silence,牛逼别给汪苏泷要歌，别求着汪苏泷写歌，好吗🤣 | 有谁否认wsl是词曲作者了吗😂说wsl是原唱就拿出wsl原唱证据，说这么多有什么用😂,0,2026-05-09,2026-05-29 17:59:37
QQ音乐,张碧晨版,Silence,你们家姐姐只会吃别人嚼过的馒头？ | 有谁否认wsl是词曲作者了吗😂说wsl是原唱就拿出wsl原唱证据，说这么多有什么用😂,0,2026-05-09,2026-05-29 17:59:37
QQ音乐,张碧晨版,🦥🦥🦥🦥🦥🦥🦥🦥🦥🦥🦥🦥🦥🦥🦥,哦唱不唱都是唯一原唱哦，这是事件的争议是原唱，不是谁想唱哦，在那拿唱与不唱精神胜利啥😂 | 说这么多，好像你们能唱一样🤣,0,2026-05-09,2026-05-29 17:59:37
QQ音乐,张碧晨版,Silence,🤣词曲作者比原唱身份更大，更有话语权 | 有谁否认wsl是词曲作者了吗😂说wsl是原唱就拿出wsl原唱证据，说这么多有什么用😂,0,2026-05-09,2026-05-29 17:59:37
QQ音乐,张碧晨版,🦥🦥🦥🦥🦥🦥🦥🦥🦥🦥🦥🦥🦥🦥🦥,叽里咕噜说啥呢😹😹全被吞了，文明用语哦～ | 张杜鹃能不能拿出证据他是唯一原唱呢，胡编乱造，歌也偷着成自己的啊,0,2026-05-09,2026-05-29 17:59:37
QQ音乐,张碧晨版,Silence,说这么多，好像你们能唱一样🤣 | 有谁否认wsl是词曲作者了吗😂说wsl是原唱就拿出wsl原唱证据，说这么多有什么用😂,0,2026-05-09,2026-05-29 17:59:37
QQ音乐,张碧晨版,🦥🦥🦥🦥🦥🦥🦥🦥🦥🦥🦥🦥🦥🦥🦥,有谁否认wsl是词曲作者了吗😂说wsl是原唱就拿出wsl原唱证据，说这么多有什么用😂 | 出的新歌确实多多了，演唱会也多多了，汪苏泷是原唱！并且是词曲作者！懂吗，就薅着原唱不放？词曲作者怎么不说了？,0,2026-05-09,2026-05-29 17:59:37
QQ音乐,张碧晨版,Silence,不能唱就说不能唱，还不想唱？直接不是唱的挺硬的吗 | 对对对要证据你快拿出来啊😹😹😹张碧晨不想唱怎么办你去求求她呗😹,0,2026-05-09,2026-05-29 17:59:37
QQ音乐,张碧晨版,Silence,到处大小节目唱别人的歌？自己怎么不写 | 也没人想唱啊😹😹不过有个人特别在意原唱这个头衔，可惜它唱一辈子也不是原唱只是一只杜鹃😹,0,2026-05-09,2026-05-29 17:59:37
QQ音乐,张碧晨版,Silence,词曲作者不需要，直接收回，你牛逼你唱一个试试，牛逼唱啊 | 不管是双原唱还是唯一原唱争议始终在于wsl是否是原唱拿不出wsl原唱证据张碧晨就是唯一原唱😽wsl原唱证据在哪里呀,0,2026-05-09,2026-05-29 17:59:37
QQ音乐,张碧晨版,Silence,出的新歌确实多多了，演唱会也多多了，汪苏泷是原唱！并且是词曲作者！懂吗，就薅着原唱不放？词曲作者怎么不说了？ | ,0,2026-05-09,2026-05-29 17:59:37
QQ音乐,张碧晨版,Silence,不想唱厚脸皮说自己是唯一原唱？这又不是孩子，争给自己 | 对对对要证据你快拿出来啊😹😹😹张碧晨不想唱怎么办你去求求她呗😹,0,2026-05-09,2026-05-29 17:59:37
QQ音乐,张碧晨版,🦥🦥🦥🦥🦥🦥🦥🦥🦥🦥🦥🦥🦥🦥🦥,对对对要证据你快拿出来啊😹😹😹张碧晨不想唱怎么办你去求求她呗😹 | 要证据是吧，只要你家鸟再唱一次，版权费准备一下,0,2026-05-09,2026-05-29 17:59:37
QQ音乐,张碧晨版,🦥🦥🦥🦥🦥🦥🦥🦥🦥🦥🦥🦥🦥🦥🦥, | 张杜鹃能不能拿出证据他是唯一原唱呢，胡编乱造，歌也偷着成自己的啊,0,2026-05-09,2026-05-29 17:59:37
QQ音乐,张碧晨版,Silence,要证据是吧，只要你家鸟再唱一次，版权费准备一下 | 不管是双原唱还是唯一原唱争议始终在于wsl是否是原唱拿不出wsl原唱证据张碧晨就是唯一原唱😽wsl原唱证据在哪里呀,0,2026-05-09,2026-05-29 17:59:37
QQ音乐,张碧晨版,Silence,张杜鹃能不能拿出证据他是唯一原唱呢，胡编乱造，歌也偷着成自己的啊 | 不管是双原唱还是唯一原唱争议始终在于wsl是否是原唱拿不出wsl原唱证据张碧晨就是唯一原唱😽wsl原唱证据在哪里呀,0,2026-05-09,2026-05-29 17:59:37
QQ音乐,张碧晨版,🦥🦥🦥🦥🦥🦥🦥🦥🦥🦥🦥🦥🦥🦥🦥,也没人想唱啊😹😹不过有个人特别在意原唱这个头衔，可惜它唱一辈子也不是原唱只是一只杜鹃😹 | 你是原唱去吧，是也唱不了😂,0,2026-05-09,2026-05-29 17:59:37
QQ音乐,张碧晨版,🦥🦥🦥🦥🦥🦥🦥🦥🦥🦥🦥🦥🦥🦥🦥,不管是双原唱还是唯一原唱争议始终在于wsl是否是原唱拿不出wsl原唱证据张碧晨就是唯一原唱😽wsl原唱证据在哪里呀 | 是谁在抢唯一原唱搞搞清楚，没有版权意识了,0,2026-05-09,2026-05-29 17:59:37
QQ音乐,张碧晨版,Silence,是谁在抢唯一原唱搞搞清楚，没有版权意识了 | 谁在抢原唱？谁最在意原唱这个身份，是你鹃啊😹😹张碧晨唱不唱都是唯一原唱，你鹃唱一辈子也不是原唱哦😽😹,0,2026-05-09,2026-05-29 17:59:37
QQ音乐,张碧晨版,Silence,你是原唱去吧，是也唱不了😂 | 谁在抢原唱？谁最在意原唱这个身份，是你鹃啊😹😹张碧晨唱不唱都是唯一原唱，你鹃唱一辈子也不是原唱哦😽😹,0,2026-05-09,2026-05-29 17:59:37
QQ音乐,张碧晨版,🦥🦥🦥🦥🦥🦥🦥🦥🦥🦥🦥🦥🦥🦥🦥,谁在抢原唱？谁最在意原唱这个身份，是你鹃啊😹😹张碧晨唱不唱都是唯一原唱，你鹃唱一辈子也不是原唱哦😽😹 | 是是是，反正现在张唱不了了，要这个原唱有啥用,1,2026-05-09,2026-05-29 17:59:37
QQ音乐,张碧晨版,Silence,是是是，反正现在张唱不了了，要这个原唱有啥用 | 他写不写跟原唱有什么关系吗？有人否认是他写的吗？为何八个月了 wsl原唱证据依旧为0？为何wsl老板所说的邮件八个月了还没找到？不管是双原唱还是唯一原唱争议在于wsl是否是原唱，wsl拿不出原唱证据张碧晨就是唯一原唱,0,2026-05-09,2026-05-29 17:59:37
QQ音乐,张碧晨版,乐瑶,能不能唱我们又无所谓，又不去看演唱会，能听到这首歌就行 | 那你们接着唱呗。反正你们是唯一原唱～,1,2026-05-08,2026-05-29 17:59:37
QQ音乐,张碧晨版,羊舔鱼,咋不是原唱，这都标注的原唱,0,2026-05-08,2026-05-29 17:59:37
QQ音乐,张碧晨版,村,仙尊大人😭😭😭😭,0,2026-05-08,2026-05-29 17:59:37
QQ音乐,张碧晨版,🦥🦥🦥🦥🦥🦥🦥🦥🦥🦥🦥🦥🦥🦥🦥,豆包赢了😹,10,2026-05-08,2026-05-29 17:59:37
QQ音乐,张碧晨版,哈库拉玛塔塔, | 自己查查可以唱吗？🤡,0,2026-05-08,2026-05-29 17:59:37
QQ音乐,张碧晨版,古月方源,什么练天魔尊，我仍正道出身，仍是大爱仙尊,0,2026-05-07,2026-05-29 17:59:37
QQ音乐,张碧晨版,窝家有玺,对，太自私了时间久了还真以为只是她的了养不熟的白眼狼😒 | 汪苏泷无妄之灾，上次演唱会还没收她的版权，这是大姨亲口说的，结果人家辛苦写了三首爆歌给你，都换不来一丝感恩，只有背刺,0,2026-05-07,2026-05-29 17:59:37
QQ音乐,张碧晨版,Via,还没下架哦 | 粉随正主宝子你继续多听几遍 马上下架哈😆,0,2026-05-07,2026-05-29 17:59:37
QQ音乐,张碧晨版,Via,怎么还在呀😋 | 没事，女版以后都没了😀😀😀,0,2026-05-07,2026-05-29 17:59:37
QQ音乐,张碧晨版,Via,汪杜鹃 汪豌豆 | 你闹啥啊大姐😅,0,2026-05-07,2026-05-29 17:59:37
QQ音乐,汪苏泷版,Silence9¹⁷降壓藥,這邊覺得有些獵奇,0,2026-05-29,2026-05-29 17:59:37
QQ音乐,汪苏泷版,2.14,笑死我了😝 | 这人看来对丁昭鹏挺恨的，到处发,0,2026-05-29,2026-05-29 17:59:37
QQ音乐,汪苏泷版,韵意,乐坛杜鹃张比尺请归还男版原唱,0,2026-05-29,2026-05-29 17:59:37
QQ音乐,汪苏泷版,韵意,下次把主页主子藏好了再出来演,0,2026-05-29,2026-05-29 17:59:37
QQ音乐,汪苏泷版,韵意,哦，偷原唱姐的粉丝，你好,0,2026-05-29,2026-05-29 17:59:37
QQ音乐,汪苏泷版,韵意,我主子得不到想要时候be like：,0,2026-05-29,2026-05-29 17:59:37
QQ音乐,汪苏泷版,幻想,原唱跟能不能唱有什么关系？ | 你有本事叫zbc唱啊😅他敢吗？她都没版权笑死我了,0,2026-05-29,2026-05-29 17:59:37
QQ音乐,汪苏泷版,幻想,到底谁没版权意识呢？ | 周杰伦知道你这么个没版权意识的喜欢他 他得多伤心哎,0,2026-05-29,2026-05-29 17:59:37
QQ音乐,汪苏泷版,幻想,作者跟唯一原唱啥关系？ | 男版是作者很难懂吗？,0,2026-05-29,2026-05-29 17:59:37
QQ音乐,汪苏泷版,乖崽,周杰伦知道你这么个没版权意识的喜欢他 他得多伤心哎 | 哦哦哦，🍿呀，那我释怀了，抱歉刚刚大声了，你开心就好,0,2026-05-29,2026-05-29 17:59:37
QQ音乐,汪苏泷版,乖崽,你有本事叫zbc唱啊😅他敢吗？她都没版权笑死我了 | 本来？你是两版歌曲制作人吗？不是就闭嘴,0,2026-05-29,2026-05-29 17:59:37
QQ音乐,汪苏泷版,乖崽,男版是作者很难懂吗？ | 本来？你是两版歌曲制作人吗？不是就闭嘴,0,2026-05-29,2026-05-29 17:59:37
QQ音乐,汪苏泷版,乖崽,自己去看吧大哥 汪苏泷已经收回了版权 他只是制作了男女两版 九漏鱼 | 本来？你是两版歌曲制作人吗？不是就闭嘴,0,2026-05-29,2026-05-29 17:59:37
QQ音乐,汪苏泷版,幻想,哦哦哦，🍿呀，那我释怀了，抱歉刚刚大声了，你开心就好 | 本来就是唯一原唱招什么黑了,0,2026-05-29,2026-05-29 17:59:37
QQ音乐,汪苏泷版,幻想,本来？你是两版歌曲制作人吗？不是就闭嘴 | 本来就是唯一原唱招什么黑了,0,2026-05-29,2026-05-29 17:59:37
QQ音乐,汪苏泷版,林夕,这人看来对丁昭鹏挺恨的，到处发 | 评论破案😂😂,0,2026-05-29,2026-05-29 17:59:37
QQ音乐,汪苏泷版,乖崽,本来就是唯一原唱招什么黑了 | 给泷哥招黑的走远点行吗？,0,2026-05-29,2026-05-29 17:59:37
QQ音乐,汪苏泷版,余温,现在呢😅,0,2026-05-28,2026-05-29 17:59:37
QQ音乐,汪苏泷版,天冷记得晒太阳,恭喜啊，唱不了了,0,2026-05-28,2026-05-29 17:59:37
QQ音乐,汪苏泷版,收敛.,谁逼你来听了,0,2026-05-28,2026-05-29 17:59:37
QQ音乐,汪苏泷版,幻想,给泷哥招黑的走远点行吗？,1,2026-05-28,2026-05-29 17:59:37
QQ音乐,汪苏泷版,饮水囚鱼,老沙子,0,2026-05-28,2026-05-29 17:59:37
QQ音乐,汪苏泷版,sulooo,这辈子都唱不了了气不气😂,0,2026-05-27,2026-05-29 17:59:37
QQ音乐,汪苏泷版,sulooo,你咋了呀😂,0,2026-05-27,2026-05-29 17:59:37
QQ音乐,汪苏泷版,雨送黄昏花易,你，已被剥夺力量！🤖,0,2026-05-26,2026-05-29 17:59:37
QQ音乐,汪苏泷版,玛卡巴卡,乐坛杜鹃张碧晨,0,2026-05-26,2026-05-29 17:59:37
QQ音乐,汪苏泷版,玛卡巴卡,非张碧晨莫属,0,2026-05-26,2026-05-29 17:59:37
QQ音乐,汪苏泷版, 泷包🙃,每日一闹，我不理解你们，这么闲的吗？,5,2026-05-26,2026-05-29 17:59:37
QQ音乐,汪苏泷版,D,？零人提到许，这是年轮评论区你干嘛呢 | 千古是许嵩的,0,2026-05-26,2026-05-29 17:59:37
QQ音乐,汪苏泷版,D,谁在争啊，你要抢别人孩子，别人不给就是争？,0,2026-05-26,2026-05-29 17:59:37
QQ音乐,汪苏泷版,D,又在这装路人审判上了😅,0,2026-05-26,2026-05-29 17:59:37
QQ音乐,汪苏泷版,D,被骂很爽吗？,1,2026-05-26,2026-05-29 17:59:37
QQ音乐,汪苏泷版,2.14,评论破案😂😂,1,2026-05-25,2026-05-29 17:59:37
QQ音乐,汪苏泷版, 泷包🙃,剧版的演唱只是为了适配剧情的角色视角，和词曲作者的创作水平、唱腔好坏没有任何关系，拿这个踩原创，纯纯是不懂行的饭圈言论。,0,2026-05-25,2026-05-29 17:59:37
QQ音乐,汪苏泷版, 泷包🙃,哟哟哟，小腿毛又来了,2,2026-05-25,2026-05-29 17:59:37
QQ音乐,汪苏泷版,廾匸 ,这是之前好多人说汪苏泷抄袭良大的时候徐良自己在公众说的，其实是在帮汪苏泷的 | 你这样我以为在引战😂,0,2026-05-25,2026-05-29 17:59:37
QQ音乐,汪苏泷版,啊長川,说了以后你断梓绝笋呗，随喜赞叹🙏🏻🙏🏻,0,2026-05-25,2026-05-29 17:59:37
QQ音乐,汪苏泷版,幻想,别在汪苏泷主场提zbs,0,2026-05-25,2026-05-29 17:59:37
QQ音乐,汪苏泷版,收敛.,你这样我以为在引战😂 | 徐良自己和汪苏泷说他们两个一起唱的，我又没说抄袭，良泷友谊99好吧,0,2026-05-24,2026-05-29 17:59:37
QQ音乐,汪苏泷版,收敛.,要么说年轮 要么说北京巷弄 | 徐良自己和汪苏泷说他们两个一起唱的，我又没说抄袭，良泷友谊99好吧,0,2026-05-24,2026-05-29 17:59:37
QQ音乐,汪苏泷版,廾匸 ,徐良自己和汪苏泷说他们两个一起唱的，我又没说抄袭，良泷友谊99好吧,0,2026-05-24,2026-05-29 17:59:37
QQ音乐,汪苏泷版,不要水懒觉,ss姐,1,2026-05-24,2026-05-29 17:59:37
QQ音乐,汪苏泷版,廾匸 ,呵意味？ | 何意味？,0,2026-05-24,2026-05-29 17:59:37
QQ音乐,汪苏泷版,收敛.,那你去听呗 谁不让你听了,0,2026-05-24,2026-05-29 17:59:37
QQ音乐,汪苏泷版,收敛.,我说真的 不粉其中任何一个人 就是汪苏泷的好听 有耳朵都能听出来😂,3,2026-05-24,2026-05-29 17:59:37
QQ音乐,汪苏泷版,收敛.,何意味？,0,2026-05-24,2026-05-29 17:59:37
QQ音乐,汪苏泷版,收敛.,看错了 你那个勋章是晨曦之歌 我以为是zbc粉丝晨曦的头衔 | 宝子 不要顶着zbc的粉籍 我害怕😭,0,2026-05-24,2026-05-29 17:59:37
QQ音乐,汪苏泷版, 泷包🙃,你急了😍,1,2026-05-24,2026-05-29 17:59:37
QQ音乐,汪苏泷版, 泷包🙃,裤衩姐,2,2026-05-24,2026-05-29 17:59:37
QQ音乐,汪苏泷版,7,家里还有人在吗😆😆,0,2026-05-23,2026-05-29 17:59:37
QQ音乐,汪苏泷版,倩,我没粉他呀 | 宝子 不要顶着zbc的粉籍 我害怕😭,0,2026-05-23,2026-05-29 17:59:37
QQ音乐,汪苏泷版,幻想,希望别人尊重自己的前提是尊重别人,0,2026-05-23,2026-05-29 17:59:37
QQ音乐,汪苏泷版,幻想,希望别人尊重你的前提是你先尊重别人,0,2026-05-23,2026-05-29 17:59:37
QQ音乐,汪苏泷版,一名,装货,0,2026-05-23,2026-05-29 17:59:37
QQ音乐,汪苏泷版,冷脸萌,你现在听的这个是原唱,0,2026-05-21,2026-05-29 17:59:37
QQ音乐,汪苏泷版,不要水懒觉,点了 | 还杜鹃呢，别偷换概念了，汪苏泷作为原创作者，才是 “筑巢”的人，而汪苏泷又作为原唱之一，所以是把自己的劳动成果放在自己的巢里，而张碧晨偷别人的劳动成果，她才是真的乐坛杜鹃😋,0,2026-05-21,2026-05-29 17:59:37
QQ音乐,汪苏泷版,大漠胡杨,你信不信我发网上,0,2026-05-21,2026-05-29 17:59:37
QQ音乐,汪苏泷版,猫猫爱吃肉,不要顶着单依纯的头衔做这种事情很给纯招黑,0,2026-05-21,2026-05-29 17:59:37
QQ音乐,汪苏泷版,相见ᝰ,感觉张碧晨唱的更好听 | 我们有不承认她是原唱吗？我们一直坚持双原唱，非要争，好了吧，唱不了了,0,2026-05-20,2026-05-29 17:59:37
QQ音乐,汪苏泷版,元宝,"《年轮》是汪苏泷为电视剧《花千骨》创作并演唱的插曲。他在谱曲前仔细研读原著，将小说中的复杂情感融入音乐。歌曲以树木年轮为喻，""数着一圈圈年轮，我认真将心事都封存""等歌词刻画了时光流转中难以圆满的情感故事。清如溅玉的琴声与哀婉基调相映成趣，每个音符都承载着细腻的故事感。",0,2026-05-20,2026-05-29 17:59:37
QQ音乐,汪苏泷版,元宝,来了。这圈年轮，藏着你的哪些故事？,0,2026-05-20,2026-05-29 17:59:37
QQ音乐,汪苏泷版,元宝,《年轮》有两个广受认可的演绎版本：汪苏泷创作并演唱的原版，以及作为电视剧《花千骨》插曲由张碧晨演唱的版本。两位歌手都以各自的艺术理解赋予了这首歌独特的生命力，也让听众有了更多元的感受角度。 | @元宝 这首歌原唱是谁,0,2026-05-20,2026-05-29 17:59:37
QQ音乐,汪苏泷版,星陨✔,@元宝 这首歌原唱是谁,0,2026-05-20,2026-05-29 17:59:37
QQ音乐,汪苏泷版, 泷包🙃,不~粉~其~中~任~何~一个~,8,2026-05-20,2026-05-29 17:59:37
QQ音乐,汪苏泷版, 泷包🙃,一秒暴露粉籍,2,2026-05-20,2026-05-29 17:59:37
QQ音乐,汪苏泷版,白日梦想家,废话那么多，难听 | 😂当一个人对着饭说难吃像💩的时候，吃饭的人只会觉得这个人很可怜，甚至担心它会把饭和💩搞反,0,2026-05-19,2026-05-29 17:59:37
QQ音乐,汪苏泷版,廾匸 ,要不还是和良嫂唱北京年轮吧,0,2026-05-19,2026-05-29 17:59:37
QQ音乐,汪苏泷版,Silence^,以后就唱不了了😂,0,2026-05-19,2026-05-29 17:59:37
QQ音乐,汪苏泷版,雪缠泪,粉籍偷偷藏不住了😂,4,2026-05-19,2026-05-29 17:59:37
QQ音乐,汪苏泷版, 泷包🙃,不喜欢可以不听，没必要来炸主场,5,2026-05-19,2026-05-29 17:59:37
QQ音乐,汪苏泷版, 泷包🙃,这只是你个人的主观观点，不代表所有人都觉得张碧晨唱的好听，也有人是会觉得汪苏泷唱的好听的。,8,2026-05-19,2026-05-29 17:59:37
QQ音乐,汪苏泷版,元宝,"来了。《年轮》是汪苏泷读完《花千骨》原著后创作并演唱的插曲，以年轮隐喻时光流转中的爱恨。钢琴与弦乐交织出绵长伤感，歌词""世间最毒的仇恨是有缘却无分""成为剧中虐心情感的深刻写照。 | 知道你会来，我在这等待。@元宝",0,2026-05-19,2026-05-29 17:59:37
QQ音乐,汪苏泷版,卡尔滨,知道你会来，我在这等待。@元宝,1,2026-05-19,2026-05-29 17:59:37
QQ音乐,汪苏泷版,7North💕,唱不了了，所以呢,4,2026-05-19,2026-05-29 17:59:37
QQ音乐,汪苏泷版, 泷包🙃,汪苏泷主场，提谁谁塌😀,8,2026-05-18,2026-05-29 17:59:37
QQ音乐,汪苏泷版,已读·,那你说啊没人让你不说大妈你们又唱不了,0,2026-05-17,2026-05-29 17:59:37
QQ音乐,汪苏泷版,已读·,那就是唱不了了🙃如何呢,0,2026-05-17,2026-05-29 17:59:37
QQ音乐,汪苏泷版,一名,这么难听还是删了吧,0,2026-05-17,2026-05-29 17:59:37
QQ音乐,汪苏泷版,消肿女孩,我说这是双原唱能咋样😂原本就是双原唱的 原本就是zbc的问题😂,0,2026-05-17,2026-05-29 17:59:37
QQ音乐,汪苏泷版,阴雨见初夏,汪苏泷写得好唱的好,1,2026-05-16,2026-05-29 17:59:37
QQ音乐,汪苏泷版,早知,这么久了，你们还是这么在意汪苏泷hhh😂,2,2026-05-16,2026-05-29 17:59:37
QQ音乐,汪苏泷版,长风破浪会有时,是的 就事论事 张碧晨的业务能力还是可以的 其他的不做评价了,0,2026-05-16,2026-05-29 17:59:37
QQ音乐,汪苏泷版, 泷包🙃,还杜鹃呢，别偷换概念了，汪苏泷作为原创作者，才是 “筑巢”的人，而汪苏泷又作为原唱之一，所以是把自己的劳动成果放在自己的巢里，而张碧晨偷别人的劳动成果，她才是真的乐坛杜鹃😋,5,2026-05-16,2026-05-29 17:59:37
QQ音乐,汪苏泷版, 泷包🙃,本来就是原唱，不需要争哈,0,2026-05-16,2026-05-29 17:59:37
QQ音乐,汪苏泷版, 泷包🙃,本来就是原唱，不需要抢哈,7,2026-05-16,2026-05-29 17:59:37
QQ音乐,汪苏泷版, 泷包🙃,偷生、抢资源、当ssf，张必沉偷偷摸摸过一生😆,5,2026-05-16,2026-05-29 17:59:37
QQ音乐,汪苏泷版, 泷包🙃,张碧晨必沉,0,2026-05-16,2026-05-29 17:59:37
QQ音乐,汪苏泷版,温皖,咋这么久了还要来评论 这么关注汪苏泷这么关注汪苏泷原作原唱的年轮吗 😘,11,2026-05-16,2026-05-29 17:59:37
QQ音乐,汪苏泷版,幻想,上来就贴脸就别怪我们喷你,0,2026-05-16,2026-05-29 17:59:37
QQ音乐,汪苏泷版,旋律,私生姐姐小腿毛来了,4,2026-05-15,2026-05-29 17:59:37
QQ音乐,汪苏泷版,Suᴗoi𖠚ᐝ ,这版不可能会下架的,0,2026-05-14,2026-05-29 17:59:37
QQ音乐,汪苏泷版,池鱼,姐姐糊涂啊!!!!!!    自家粉丝胡言乱语的时候，就不能站出来解释吗，女孩嘴巴唧唧歪歪的就爱唠呢、非得抢，得，锅都掀了😂 | 从春去秋来这儿确实就没有那感觉了，但是张碧晨确实不是原唱啊， 虽然张碧晨唱的确实是最好听的，不耽误张碧晨不是原唱。😂,0,2026-05-14,2026-05-29 17:59:37
QQ音乐,汪苏泷版,池鱼,从春去秋来这儿确实就没有那感觉了，但是张碧晨确实不是原唱啊， 虽然张碧晨唱的确实是最好听的，不耽误张碧晨不是原唱。😂,1,2026-05-14,2026-05-29 17:59:37
QQ音乐,汪苏泷版,睡觉才是人生大事,我就说我当时看的时候听到汪苏泷的，但是搜出来只有张碧晨的，就很奇怪，后面才能搜出来汪苏泷的版本,0,2026-05-14,2026-05-29 17:59:37
QQ音乐,汪苏泷版,那一年,行行行 是是是 反正也唱不了了😭😭,0,2026-05-13,2026-05-29 17:59:37
QQ音乐,汪苏泷版,美zz,你又知道了 | 汪苏泷就是嫉妒张碧晨,1,2026-05-12,2026-05-29 17:59:37
QQ音乐,汪苏泷版,嫑伤心叻,这里提她了吗,0,2026-05-12,2026-05-29 17:59:37
QQ音乐,汪苏泷版,命里有票,欢迎来听现场哦 现场很好听的,0,2026-05-12,2026-05-29 17:59:37
QQ音乐,汪苏泷版, 泷包🙃,不是差，只是你自己不喜欢罢了,0,2026-05-12,2026-05-29 17:59:37
QQ音乐,汪苏泷版,千叶茗华,然后呢？又能怎？,0,2026-05-12,2026-05-29 17:59:37
QQ音乐,汪苏泷版,一颗星星的时间,没办法咯，年轮现在就只有他能唱咯😆唱的差也只能在他演唱会上听到哦，就不退居幕后，就大唱特唱，你管得着不,1,2026-05-11,2026-05-29 17:59:37
QQ音乐,汪苏泷版,Gulite,不认识,0,2026-05-10,2026-05-29 17:59:37
QQ音乐,汪苏泷版,我想念,这个有人扒谱了 不一样的,1,2026-05-10,2026-05-29 17:59:37
QQ音乐,汪苏泷版,我想念,你的评论我喜欢 看了你的ID我更喜欢了,1,2026-05-10,2026-05-29 17:59:37
QQ音乐,汪苏泷版,fulltone,什么样的主子带什么样狗子,0,2026-05-10,2026-05-29 17:59:37
QQ音乐,汪苏泷版,迟迟,自己是鸠占鹊巢就泼脏水给哥，笑麻了,0,2026-05-10,2026-05-29 17:59:37
QQ音乐,汪苏泷版,迟迟,憋老仔就是嚣张,0,2026-05-10,2026-05-29 17:59:37
QQ音乐,汪苏泷版,迟迟,瞧你那见样,0,2026-05-10,2026-05-29 17:59:37
QQ音乐,汪苏泷版,沈阳病,老樂子,0,2026-05-10,2026-05-29 17:59:37
QQ音乐,汪苏泷版,幻想,我觉得唱的挺好，当然我接受不同的看法,3,2026-05-09,2026-05-29 17:59:37
QQ音乐,汪苏泷版,Silence,谁说不是了，反正也唱不了现在，有本事自己写歌去,0,2026-05-09,2026-05-29 17:59:37
QQ音乐,汪苏泷版,元宝,年轮转啊转，藏着多少人心中的故事。确实是心头好。,0,2026-05-08,2026-05-29 17:59:37
QQ音乐,汪苏泷版,小团子,是呀，好久了又来说了，好好听歌就好了，多好听呀。,1,2026-05-08,2026-05-29 17:59:37
QQ音乐,汪苏泷版,犬夜叉狂化后就像杀生丸,十万条评论后会清空,0,2026-05-08,2026-05-29 17:59:37
QQ音乐,汪苏泷版,zon9,证据呢？叫啥,0,2026-05-07,2026-05-29 17:59:37
QQ音乐,汪苏泷版,1111,春竹继续去听呗，怎么不听了😂😅,0,2026-05-06,2026-05-29 17:59:37
QQ音乐,汪苏泷版,幻想,串得不像,0,2026-05-06,2026-05-29 17:59:37
QQ音乐,汪苏泷版,王章勇,继续唱啊,0,2026-05-06,2026-05-29 17:59:37
QQ音乐,汪苏泷版,目喜,你要记住是她不想，而不是她不能，但是这个楼主说的话也有问题，太狂妄了 | 唱不了了，咋样😘,0,2026-05-06,2026-05-29 17:59:37
QQ音乐,汪苏泷版,CHANCE/.,唱不了了能咋样 你气不气,0,2026-05-05,2026-05-29 17:59:37
QQ音乐,汪苏泷版,下雨天轰泷泷,你自己说这话不会笑吗😅,3,2026-05-05,2026-05-29 17:59:37
QQ音乐,汪苏泷版,安听盐（互赞）,汪苏泷《年轮》唯一原唱！,3,2026-05-05,2026-05-29 17:59:37
QQ音乐,汪苏泷版,Ttz.,笑死了  可惜词曲作者都是汪苏泷  有本事让张碧晨也写一首词曲作者都是她的爆款啊  可笑死了,0,2026-05-05,2026-05-29 17:59:37
QQ音乐,汪苏泷版,念安,你怎么证明你说的真实？,3,2026-05-05,2026-05-29 17:59:37
QQ音乐,汪苏泷版,幻想,流行乐走向类似很正常的,0,2026-05-05,2026-05-29 17:59:37
QQ音乐,汪苏泷版,幻想,串得不像,0,2026-05-05,2026-05-29 17:59:37
QQ音乐,汪苏泷版,end,哦哦纯乐 | 纯乐呗😅,0,2026-05-04,2026-05-29 17:59:37
QQ音乐,汪苏泷版,汪沐秋,看你主页瞬间明了，原来是zbc的小腿毛😂 | 难听,0,2026-05-04,2026-05-29 17:59:37
QQ音乐,汪苏泷版,汪沐秋,看主页瞬间明了，原来是zbc的小腿毛。,2,2026-05-04,2026-05-29 17:59:37
QQ音乐,汪苏泷版,你好不好,你咋那么有意思呢，许嵩的歌都模仿谁像谁的心理没数吗？,1,2026-05-04,2026-05-29 17:59:37
QQ音乐,汪苏泷版,fengli,小炭火宝宝！ | 哇！是同担！,0,2026-05-03,2026-05-29 17:59:37
QQ音乐,汪苏泷版,advance, [表情],0,2026-05-03,2026-05-29 17:59:37
QQ音乐,汪苏泷版,advance,支持汪苏泷,1,2026-05-03,2026-05-29 17:59:37
QQ音乐,汪苏泷版,advance,汪苏泷的歌真的很好听,1,2026-05-03,2026-05-29 17:59:37
QQ音乐,汪苏泷版,advance,哇！是同担！,0,2026-05-03,2026-05-29 17:59:37
QQ音乐,汪苏泷版,收敛.,张杜鹃粉丝：我姐唱的更好听更火=唯一原唱,1,2026-05-02,2026-05-29 17:59:37
QQ音乐,汪苏泷版,丽丽,666汪苏泷还不是原唱了？zbc\n才是？你没事吧？ | 我的意思是汪苏泷不是,0,2026-05-02,2026-05-29 17:59:37
QQ音乐,汪苏泷版,Yohhh,你们的粉丝好像更多唉 | 你的意思是艺人粉丝数量多少决定人品和作品？,0,2026-05-02,2026-05-29 17:59:37
QQ音乐,汪苏泷版,Yohhh,过了快一年了听女版的还是更的还是多呀 | 哎呀，收藏了再好都唱不了了呢～想想没过多久她这个版本只会被人遗忘～,0,2026-05-02,2026-05-29 17:59:37
QQ音乐,汪苏泷版,Yohhh,也不想想为什么花千骨用的是女版的不用男版的 | 收藏量多有很大部分是因为花千骨火,0,2026-05-02,2026-05-29 17:59:37
QQ音乐,汪苏泷版,Yohhh,哥哥的自己写的歌怎么没唱得这么好，是不会唱吗 | 姐姐的词怎么没写的这么好，是不会写吗？,0,2026-05-02,2026-05-29 17:59:37
QQ音乐,汪苏泷版,Yohhh,听的人依旧是更多的，包子你继续😀 | 版权已收回，宝子你继续😘😘,0,2026-05-02,2026-05-29 17:59:37
QQ音乐,汪苏泷版,Yohhh,你的存在感更强啊 | 那就别来这刷存在感啊😜,0,2026-05-01,2026-05-29 17:59:37
QQ音乐,汪苏泷版,Yohhh,没关系，还是能听到的 | 没事啊，你爱听多听，反正以后也听不到啦,0,2026-05-01,2026-05-29 17:59:37
QQ音乐,汪苏泷版,Yohhh,没有张碧晨，除了你们这些汪苏泷的粉丝还有谁知道年轮是汪苏泷写的 | 没有汪苏泷哪来的年轮☺,0,2026-05-01,2026-05-29 17:59:37
QQ音乐,汪苏泷版,Yohhh,恭喜🎉唱的不好听的版本留下来了 | 没有汪苏泷有她唱的份不，搞搞清楚，走错片场了，恭喜🎉现在唱不了了,0,2026-05-01,2026-05-29 17:59:37
QQ音乐,汪苏泷版,Yohhh,唱不了就唱不了呗，谁唱的好听大家自己心里都清楚 | 唱不了了，咋样😘,1,2026-05-01,2026-05-29 17:59:37
QQ音乐,汪苏泷版,z,支持 | 你要不看看自己在说什么，粉随正主吗？有点意思,0,2026-04-29,2026-05-29 17:59:37
QQ音乐,汪苏泷版,z,招黑 | 单依纯是汪苏泷最严厉的母亲,0,2026-04-29,2026-05-29 17:59:37
QQ音乐,汪苏泷版,iii,为啥有的人又能演唱又能创作 | 演唱是演唱，创作是创作,1,2026-04-29,2026-05-29 17:59:37
QQ音乐,汪苏泷版,幻想,我是通过《小星星》认识的🌚 | 就是这首歌我才认识的泷泷，好怀念,0,2026-04-29,2026-05-29 17:59:37
QQ音乐,汪苏泷版,나재민,就是这首歌我才认识的泷泷，好怀念 | 泷包常情，哈哈,0,2026-04-29,2026-05-29 17:59:37
QQ音乐,汪苏泷版,枫,演唱是演唱，创作是创作,0,2026-04-28,2026-05-29 17:59:37
QQ音乐,汪苏泷版,幻想,只能说双方过激粉都不少 | 我不明白为啥非要争唯一呢？还是和本首歌的创作者争，对她有啥好处么，这工作室也是没啥情商，现在好了直接不给唱了也和汪算是闹掰了,0,2026-04-28,2026-05-29 17:59:37
QQ音乐,汪苏泷版,白日梦绳索,我不明白为啥非要争唯一呢？还是和本首歌的创作者争，对她有啥好处么，这工作室也是没啥情商，现在好了直接不给唱了也和汪算是闹掰了,1,2026-04-28,2026-05-29 17:59:37
QQ音乐,汪苏泷版,幻想,泷包常情，哈哈,0,2026-04-28,2026-05-29 17:59:37
QQ音乐,汪苏泷版,。,那你跑这意义何在，回去听你们再也唱不了的版本呗 | 难听,2,2026-04-27,2026-05-29 17:59:37
QQ音乐,汪苏泷版,。,哦，她也唱不了了呗，😅,0,2026-04-27,2026-05-29 17:59:37
QQ音乐,汪苏泷版, 泷包🙃,抄袭？那请你把曲谱扒出来甩我脸上,0,2026-04-27,2026-05-29 17:59:37
QQ音乐,汪苏泷版, 泷包🙃,贴脸认自塌😀,0,2026-04-27,2026-05-29 17:59:37
QQ音乐,汪苏泷版, 泷包🙃,你要不看看自己在说什么，粉随正主吗？有点意思 | 单依纯是汪苏泷最严厉的母亲,1,2026-04-27,2026-05-29 17:59:37
QQ音乐,汪苏泷版, 泷包🙃,创作版和影视改编版本来就不是一个定位，拿自己的听歌感受踩一捧一，没必要吧？,0,2026-04-27,2026-05-29 17:59:37
QQ音乐,汪苏泷版, 泷包🙃,双原唱,0,2026-04-27,2026-05-29 17:59:37
QQ音乐,汪苏泷版, 泷包🙃,那是你自己的省美观，不代表每个人都这么想，不喜欢可以不听，没人逼你😀,2,2026-04-27,2026-05-29 17:59:37
QQ音乐,汪苏泷版,任大咧咧,最开始就男的唱的，电视剧后面才放出来 | 那也不能说明汪是原唱，他只是自翻唱罢了,0,2026-04-26,2026-05-29 17:59:37
QQ音乐,汪苏泷版,意祎,收好了😚,0,2026-04-26,2026-05-29 17:59:37
QQ音乐,汪苏泷版,意祎,汪家说双原唱，她说只有她一个，现在好了吧，真的只有一个了，不过是汪,0,2026-04-26,2026-05-29 17:59:37
QQ音乐,汪苏泷版,忘了天空怎么晴～,啥叫汪苏泷嫉妒张碧晨 | 汪苏泷就是嫉妒张碧晨,1,2026-04-26,2026-05-29 17:59:37
QQ音乐,汪苏泷版,키위🥝（忙）,原来是双原唱，现在不是了,2,2026-04-26,2026-05-29 17:59:37
QQ音乐,汪苏泷版,◡̈⃝j,你家姐跟旺仔小乔是这个👍👍👍 | 有些人凉凉是有原因的……,0,2026-04-25,2026-05-29 17:59:37
QQ音乐,汪苏泷版,◡̈⃝j,有些人写不出歌是有原因的 | 有些人凉凉是有原因的……,0,2026-04-25,2026-05-29 17:59:37
QQ音乐,汪苏泷版,◡̈⃝j,有些人只会唱别人的歌是有原因的😆 | 有些人凉凉是有原因的……,0,2026-04-25,2026-05-29 17:59:37
QQ音乐,汪苏泷版,幻想,毋庸置疑,1,2026-04-25,2026-05-29 17:59:37
QQ音乐,汪苏泷版,幻想,挺正常，虽然我觉得好听,2,2026-04-25,2026-05-29 17:59:37
QQ音乐,汪苏泷版,拖延艺术家,你都听乌梅子酱了那我说什么。。。,5,2026-04-25,2026-05-29 17:59:37
QQ音乐,汪苏泷版,拖延艺术家,张白眼狼😝,1,2026-04-25,2026-05-29 17:59:37
QQ音乐,汪苏泷版,风吟客,姐姐是小泷包吗？ | 额那你去听没必要在这多嘴,0,2026-04-25,2026-05-29 17:59:37
QQ音乐,汪苏泷版,esjxsj,她配吗😜 | 汪苏泷就是嫉妒张碧晨,1,2026-04-24,2026-05-29 17:59:37
QQ音乐,汪苏泷版, _13👾,我真不行了吧凭一己之力让汪苏泷张碧晨掰掉让张碧晨唱不成 神人来的,1,2026-04-24,2026-05-29 17:59:37
QQ音乐,汪苏泷版,幻想,串得不像,1,2026-04-24,2026-05-29 17:59:37
QQ音乐,汪苏泷版,敏感zz,你的背后空无一人,4,2026-04-23,2026-05-29 17:59:37
QQ音乐,汪苏泷版,懒猫.,她家粉丝有点语言理解障碍,0,2026-04-23,2026-05-29 17:59:37
QQ音乐,汪苏泷版,幻想,姐妹你随便骂，小泷包打过来我跟他们一起,1,2026-04-23,2026-05-29 17:59:37
QQ音乐,汪苏泷版,实在不知道叫啥名,那你说呗 反正现在唱不了,0,2026-04-23,2026-05-29 17:59:37
QQ音乐,汪苏泷版,泠水仙,是的,0,2026-04-22,2026-05-29 17:59:37
QQ音乐,汪苏泷版,会说话的Tom喵,把年轮还给张碧晨好吗 | 先把李白还给李荣浩好吗好的,0,2026-04-21,2026-05-29 17:59:37
QQ音乐,汪苏泷版,暮星遥,先把李白还给李荣浩好吗好的,0,2026-04-21,2026-05-29 17:59:37
QQ音乐,汪苏泷版,盼盼,找不到那种可以让我觉得安心安稳可以依靠的感觉了,0,2026-04-21,2026-05-29 17:59:37
QQ音乐,汪苏泷版,元宝,这首歌是汪苏泷创作并亲自演绎的版本，《花千骨》剧中插曲另有张碧晨演唱版。歌词以树木年轮隐喻情感轮回，旋律融合古风与现代编曲，用钢琴与弦乐交织出时光流逝中的爱恨沉淀，每个音符都刻着藏不住的心事。,24,2026-04-21,2026-05-29 17:59:37
QQ音乐,汪苏泷版,元宝,"《年轮》是汪苏泷为电视剧《花千骨》创作并演唱的插曲。歌曲以树木年轮隐喻时光流转，将古风意象与现代编曲结合，用婉转旋律诉说错位情感中的成长印记，歌词""密密麻麻是我的自尊""道尽青春里的倔强与释然。",0,2026-04-21,2026-05-29 17:59:37
QQ音乐,汪苏泷版,草没味,而且没有花里胡哨。全是感情加技巧。,0,2026-04-21,2026-05-29 17:59:37
QQ音乐,汪苏泷版,今天天气好,那也不能说明汪是原唱，他只是自翻唱罢了,1,2026-04-21,2026-05-29 17:59:37
QQ音乐,汪苏泷版,今天天气好,难听 | 好听,0,2026-04-21,2026-05-29 17:59:37
QQ音乐,汪苏泷版,破忒头,那你来这里刷什么存在感 显得你了,0,2026-04-19,2026-05-29 17:59:37
QQ音乐,汪苏泷版,海绵宝宝め,现在变成汪苏泷唯一原唱了，我是爽了,0,2026-04-19,2026-05-29 17:59:37
QQ音乐,汪苏泷版,海绵宝宝め, [图片],0,2026-04-19,2026-05-29 17:59:37
QQ音乐,汪苏泷版,不瘦到100斤不改名,少来给自己糊主贴金😂😂😂,0,2026-04-19,2026-05-29 17:59:37
QQ音乐,汪苏泷版,曇天,还能唱吗,0,2026-04-18,2026-05-29 17:59:37
QQ音乐,汪苏泷版,（二）哥哥,原唱怎么唱不了了呀？,0,2026-04-18,2026-05-29 17:59:37
QQ音乐,汪苏泷版,幻想,张是原唱没问题，争议始终是“唯一”这个字眼 | 本来就是张是原唱😂,3,2026-04-17,2026-05-29 17:59:37
QQ音乐,汪苏泷版,恋文日记.,你挺招笑的,0,2026-04-17,2026-05-29 17:59:37
QQ音乐,汪苏泷版,恋文日记.,哪只眼睛看见的？,0,2026-04-17,2026-05-29 17:59:37
QQ音乐,汪苏泷版,恋文日记.,笑死我了,0,2026-04-17,2026-05-29 17:59:37
QQ音乐,汪苏泷版,恋文日记.,笑死我了,0,2026-04-17,2026-05-29 17:59:37
QQ音乐,汪苏泷版,恋文日记.,那也是偷来的,0,2026-04-17,2026-05-29 17:59:37
QQ音乐,汪苏泷版,恋文日记.,你笑死我了,0,2026-04-17,2026-05-29 17:59:37
QQ音乐,汪苏泷版,禾桉,本来就是张是原唱😂,2,2026-04-17,2026-05-29 17:59:37
QQ音乐,汪苏泷版,禾桉,张碧晨,0,2026-04-17,2026-05-29 17:59:37
QQ音乐,汪苏泷版,早点睡,现在只有汪苏泷能唱了气不气😂😂😂,0,2026-04-16,2026-05-29 17:59:37
QQ音乐,汪苏泷版,￠盛夏小北北,张碧晨不能唱了气不气😂,0,2026-04-15,2026-05-29 17:59:37
QQ音乐,汪苏泷版,你就是那一百分,管好你自家吧！,0,2026-04-15,2026-05-29 17:59:37
QQ音乐,汪苏泷版,幻想,她也没说她要演唱啊 | 有个毛用，原唱是指她是先唱的，不是代表版权在她这边，她敢唱就告她,0,2026-04-15,2026-05-29 17:59:37
QQ音乐,汪苏泷版,Nighty night,没怎样啊，唱不了了而已☺☺,0,2026-04-14,2026-05-29 17:59:37
QQ音乐,汪苏泷版,晚安,有个毛用，原唱是指她是先唱的，不是代表版权在她这边，她敢唱就告她,8,2026-04-14,2026-05-29 17:59:37
QQ音乐,汪苏泷版,花火,汪原创没看见吗,0,2026-04-14,2026-05-29 17:59:37
QQ音乐,汪苏泷版,会说话的Tom喵,单依纯是汪苏泷最严厉的母亲 | 先管管单依纯吧 这位朋友,0,2026-04-14,2026-05-29 17:59:37
QQ音乐,汪苏泷版,菲 ,本身就很火呀，而且当时花千骨本身也挺火吧,0,2026-04-14,2026-05-29 17:59:37
QQ音乐,汪苏泷版,Sugar 。,那你可以选择去张碧晨那里,0,2026-04-14,2026-05-29 17:59:37
QQ音乐,汪苏泷版,Sugar 。,说的是人话吗？？快听断气了？？？我听了几百遍都没断呢,0,2026-04-14,2026-05-29 17:59:37
QQ音乐,汪苏泷版,Sugar 。,张碧晨的骚操作你怎么解？？,0,2026-04-14,2026-05-29 17:59:37
QQ音乐,汪苏泷版,Sugar 。,你收了多少钱一条？,0,2026-04-14,2026-05-29 17:59:37
QQ音乐,汪苏泷版,Sugar 。,先管管单依纯吧 这位朋友,5,2026-04-14,2026-05-29 17:59:37
QQ音乐,汪苏泷版,Sugar 。,能咋样 非要坚持唯一原唱 现在唱不了咋样,0,2026-04-14,2026-05-29 17:59:37
QQ音乐,汪苏泷版,ㅤㅤ,挺好听的呀😱,0,2026-04-14,2026-05-29 17:59:37
QQ音乐,汪苏泷版,转运转运转运,别删哈 在网上说话也要负责的,29,2026-04-14,2026-05-29 17:59:37
QQ音乐,汪苏泷版,逃离地球3211,而且说实话你们挺差这一首，不是这首现在估计还是小糊糊 | 那就不唱呗不差那一首 年轮唯一原唱还是张碧晨哈,0,2026-04-13,2026-05-29 17:59:37
QQ音乐,汪苏泷版,像以前一样,真解 | 有没有一种可能汪苏泷本来的意思就是坚持双原唱 本来两位音乐人关系挺好的 结果你们非要一直闹开除汪苏泷原唱籍才闹得现在收回原唱版权 他本身又不是个小气的人 倒是没想到张碧晨方竟然否认了他的原唱 还真是寒心了,0,2026-04-13,2026-05-29 17:59:37
QQ音乐,汪苏泷版,像以前一样,你是哪位？不尊重就别发表你内心的第一、没有人愿意看你的第一对线,0,2026-04-13,2026-05-29 17:59:37
QQ音乐,汪苏泷版,幻想,但不影响这首歌好听，而且时间会证明汪苏泷的歌,0,2026-04-13,2026-05-29 17:59:37
QQ音乐,汪苏泷版,幻想,你说得对，但这是汪苏泷版的,0,2026-04-13,2026-05-29 17:59:37
QQ音乐,汪苏泷版,会说话的Tom喵,那怎样，反正张碧晨是汪苏泷最严厉的母亲 | 那怎样，反正汪苏泷就是能力收回这首歌，张碧晨现在再也唱不了了,0,2026-04-13,2026-05-29 17:59:37
QQ音乐,汪苏泷版,逆風局,他爹写的肯定好听啊😜,0,2026-04-13,2026-05-29 17:59:37
QQ音乐,汪苏泷版,逆風局,他爹是汪苏泷，望周知~,0,2026-04-13,2026-05-29 17:59:37
QQ音乐,汪苏泷版,逆風局,你家女神唱不了咯~,0,2026-04-13,2026-05-29 17:59:37
QQ音乐,汪苏泷版,Big.N,但这首歌是人家写的😅,0,2026-04-13,2026-05-29 17:59:37
QQ音乐,汪苏泷版,河西走狼,至少又帮大众看清了一个杜鹃的嘴脸 | 提了晦气😆,0,2026-04-12,2026-05-29 17:59:37
QQ音乐,汪苏泷版,檀念.JC-T^,Why？,0,2026-04-12,2026-05-29 17:59:37
QQ音乐,汪苏泷版,俺不中嘞～,家里面两位还好吗,0,2026-04-12,2026-05-29 17:59:37
QQ音乐,汪苏泷版,俺不中嘞～,家里两位还好吗,1,2026-04-12,2026-05-29 17:59:37
QQ音乐,汪苏泷版,收敛.,张杜鹃唯一不能唱,13,2026-04-11,2026-05-29 17:59:37
QQ音乐,汪苏泷版,收敛.,原创原唱汪,17,2026-04-11,2026-05-29 17:59:37
QQ音乐,汪苏泷版,收敛.,那你别听呗,6,2026-04-11,2026-05-29 17:59:37
QQ音乐,汪苏泷版,闪耀的星,碧雅迪唱不了喽唱不了喽唱不了喽,0,2026-04-11,2026-05-29 17:59:37
QQ音乐,汪苏泷版,好困,哦哦，开智了没😂,1,2026-04-11,2026-05-29 17:59:37
QQ音乐,汪苏泷版,滕滕,汪苏泷,0,2026-04-10,2026-05-29 17:59:37
QQ音乐,汪苏泷版,爱嘟嘴的小泷,别在这里混淆概念了，重要的是版权问题，张碧晨在没有版权的情况下，把版权卖给其他人，已经属于侵权行为了，大哥，多读点书吧，好吗？,0,2026-04-10,2026-05-29 17:59:37
QQ音乐,汪苏泷版,可爱多多,因为你把它拉黑了😂,0,2026-04-09,2026-05-29 17:59:37
QQ音乐,汪苏泷版,可爱多多,某人宣告不再演唱时就已经尘埃落定了，只不过不甘心啊，后面各种作妖，但没用😆,0,2026-04-09,2026-05-29 17:59:37
QQ音乐,汪苏泷版,iii,没有汪苏泷你晨姐都没这首歌,0,2026-04-09,2026-05-29 17:59:37
QQ音乐,汪苏泷版,某张唱不了年轮就别来破防,那你让张碧晨在演唱会上唱一个😂😂,0,2026-04-09,2026-05-29 17:59:37
QQ音乐,汪苏泷版,某张唱不了年轮就别来破防,你说张碧晨是原唱，张碧晨敢在演唱会上唱吗？😂,1,2026-04-09,2026-05-29 17:59:37
QQ音乐,汪苏泷版,橘,写出超级无敌大这种歌还好意思抄袭足球少年吗,0,2026-04-09,2026-05-29 17:59:37
QQ音乐,汪苏泷版,幻想,是原唱，所以呢？,0,2026-04-09,2026-05-29 17:59:37
